dataset,protocol,method,method_label,coverage_mean,p10_well_coverage_mean,worst_well_coverage_mean,width_mean,winkler_mean,rmse_mean,macro_well_coverage_mean,macro_well_winkler_mean,coverage_sd,p10_well_coverage_sd,worst_well_coverage_sd,width_sd,winkler_sd,rmse_sd,macro_well_coverage_sd,macro_well_winkler_sd,rank_winkler
Mendeley_GOM_DNS,cross_well,wl_pcqr,WL-PCQR,0.9447619047619048,0.935300310283688,0.9296875,0.0893236591283924,0.0980374954136803,0.0347257880490427,0.9577515514184397,0.0931985406536177,0.006598288790738627,0.007137748593506865,0.0078125,0.002195272902780849,0.0012719241555840396,0.0009853468812848422,0.007278959376361059,0.0032441161625861273,1
Mendeley_GOM_DNS,cross_well,ngboost_cqr_signed,NGBoost PI,0.9257142857142857,0.8796376329787234,0.8723404255319149,0.29414125771080385,0.3030629716831801,0.1150850277051486,0.9088264627659575,0.2877675052461322,0.0,0.0,0.0,0.0017033044887052326,0.0019662875115967764,0.0006380486136072223,0.0,0.0012516954668696377,2
Mendeley_GOM_DNS,cross_well,catboost_cqr_signed,CatBoost Quantile+CQR,0.9561904761904761,0.8899268617021278,0.8794326241134751,0.35091759819820223,0.35578011828564504,0.1545958302706909,0.9319038120567376,0.3348540050018421,0.011895234282663645,0.03986168935147914,0.04429076594608795,0.0006302791953220015,0.0007799345697014538,0.0024338440980159618,0.022145382973043942,0.0012525961618903923,3
Mendeley_GOM_DNS,cross_well,global_rf_cqr,Global RF-CQR,0.9428571428571427,0.8452460106382979,0.8297872340425533,0.357594593454072,0.36160607235674425,0.140373497349612,0.9070811170212766,0.33953166428875275,0.0,0.0,0.0,0.00031482572487927935,0.00029544244189438706,0.001136980704797793,0.0,0.00022794848164585206,4
Mendeley_GOM_DNS,cross_well,lightgbm_cqr_signed,LightGBM Quantile+CQR,0.9314285714285714,0.8069481382978724,0.7872340425531915,0.3598117542074135,0.3652277167505147,0.12436021767831927,0.8858045212765958,0.3406840773067163,0.0,0.0,0.0,0.00035329519065381885,0.0003991237013041626,0.00015810984762683417,0.0,0.000489023249485602,5
Mendeley_GOM_DNS,cross_well,extratrees_pcqr,ExtraTrees-PCQR,0.9771428571428572,0.9601396276595745,0.9574468085106383,0.3919484133205664,0.3942605326086857,0.1521455709412943,0.9709109042553191,0.3613255349580727,0.0,0.0,0.0,0.0022515007559772305,0.0022895330269403612,0.0004543124705882256,0.0,0.0014157066228010558,6
Mendeley_GOM_DNS,cross_well,hgb_cqr_signed,HGB-CQR,0.9142857142857143,0.8413397606382979,0.8297872340425533,0.391517067314824,0.40490158097606255,0.14099279487303285,0.8875498670212766,0.3678761870528701,0.0,0.0,0.0,0.0,0.0,0.0,0.0,0.0,7
Mendeley_GOM_DNS,cross_well,source_only_rf_cqr,Source-only RF-CQR,0.0030441400304414,0.0011299435028248588,0.0,0.0670950560652752,2.2472712227998657,0.14042470029129872,0.005649717514124294,2.0891117939783483,0.0026363025990393868,0.0009785597782875014,0.0,0.002473499189101732,0.007583481355521334,0.0005285829143627066,0.0048927988914375066,0.008860137958756908,8
Mendeley_GOM_DNS,within_well,global_rf_cqr,Global RF-CQR,0.8249619482496194,0.8151388888888889,0.8131944444444444,0.05314310861879456,0.08134051004808696,0.01680299102100648,0.8229166666666666,0.0868824948949244,0.016036002667964525,0.006860253545147115,0.00601406530405858,0.001473061385657519,0.0010401349833090755,2.39842692589374e-05,0.01097463932588819,0.0010050245109276023,1
Mendeley_GOM_DNS,within_well,wl_pcqr,WL-PCQR,0.8249619482496194,0.8151388888888889,0.8131944444444444,0.05314310861879456,0.08134051004808696,0.016802991021006478,0.8229166666666666,0.0868824948949244,0.016036002667964525,0.006860253545147115,0.00601406530405858,0.001473061385657519,0.0010401349833090755,2.3984269258932343e-05,0.01097463932588819,0.0010050245109276023,1
Mendeley_GOM_DNS,within_well,extratrees_pcqr,ExtraTrees-PCQR,0.8356164383561643,0.7860795454545455,0.7782828282828284,0.0631461470867513,0.08677182451015582,0.018491910159922128,0.8172664141414141,0.09073723039705366,0.012081056214906852,0.014795546187399583,0.017429731239128797,0.0013216644894873315,0.0011029488158962254,7.763602081476248e-05,0.00886635410074468,0.0009757752997307141,3
Mendeley_GOM_DNS,within_well,catboost_cqr_signed,CatBoost Quantile+CQR,0.8569254185692542,0.7504166666666667,0.7333333333333334,0.05262757418972138,0.09001976986326767,0.015759927464158788,0.8187500000000001,0.10981615611614752,0.00697500105777151,0.0009547032697824826,0.0,0.0005933132955232497,0.0015419222971625123,0.0005007690878987162,0.004773516348912356,0.003098878424370586,4
Mendeley_GOM_DNS,within_well,ngboost_cqr_signed,NGBoost PI,0.8340943683409437,0.6802083333333334,0.6555555555555556,0.04768788798550127,0.10664781315752336,0.014608289058331038,0.7788194444444444,0.14047376211374388,0.002636302599039403,0.008485588272673478,0.009622504486493794,0.0006905562604470303,0.002385279681183,0.00020547893021590584,0.004209845712841083,0.004711019486168042,5
Mendeley_GOM_DNS,within_well,hgb_cqr_signed,HGB-CQR,0.867579908675799,0.8093750000000001,0.8000000000000002,0.08658820434227692,0.11318501603909203,0.026662685587350732,0.8468750000000002,0.12536474535175363,0.0,0.0,0.0,0.0,0.0,0.0,0.0,0.0,6
Mendeley_GOM_DNS,within_well,lightgbm_cqr_signed,LightGBM Quantile+CQR,0.8112633181126331,0.708806818181818,0.6924242424242424,0.06375514442294662,0.11817687246428489,0.014148419615204773,0.7743371212121212,0.14129695431972863,0.0205901815197392,0.036532235213722467,0.039364791081110816,0.0012524029231702526,0.0014078939364992648,2.3259364640447854e-05,0.02586163666578464,0.002437127553590813,7
SPWLA_PDDA_2021,cross_well,wl_pcqr,WL-PCQR,0.9262152777777778,0.8626736111111111,0.8272569444444444,0.1212068309872419,0.158948116364778,0.04201428397607118,0.9262152777777778,0.158948116364778,0.02286795116722135,0.05098184206642705,0.058260045107284095,0.05929914834013427,0.07014993400790136,0.023000160239809508,0.02286795116722135,0.07014993400790136,1
SPWLA_PDDA_2021,cross_well,global_rf_cqr,Global RF-CQR,0.9364390432098766,0.8944444444444445,0.8541666666666666,0.15353678142421495,0.1864129596707214,0.05101724336484061,0.9364390432098766,0.1864129596707214,0.021097401312289002,0.030579836667161554,0.04367320268554276,0.07712830648902626,0.08894987773656843,0.027812646995743838,0.021097401312289002,0.08894987773656843,2
SPWLA_PDDA_2021,cross_well,source_only_rf_cqr,Source-only RF-CQR,0.902854938271605,0.8018055555555557,0.6395833333333333,0.1422177922481402,0.2010042189942072,0.05233191654936489,0.902854938271605,0.20100421899420723,0.004940381011669689,0.013420936173672007,0.17167602118525463,0.07273571539416436,0.08682601853120842,0.027849430381680987,0.004940381011669709,0.0868260185312084,3
SPWLA_PDDA_2021,cross_well,ngboost_cqr_signed,NGBoost PI,0.9287229938271605,0.890625,0.8628472222222222,0.1641489082268393,0.22036976890740967,0.05405519792180991,0.9287229938271605,0.22036976890740967,0.012171708689990271,0.016010860571811884,0.023146339628426018,0.08743776991879919,0.11361089469330676,0.02835931500934687,0.012171708689990271,0.11361089469330676,4
SPWLA_PDDA_2021,cross_well,extratrees_pcqr,ExtraTrees-PCQR,0.9406828703703705,0.8907986111111111,0.8463541666666666,0.21085170378165263,0.2254769516450945,0.05971653373743407,0.9406828703703705,0.2254769516450945,0.007327232211863764,0.012063786272812974,0.04021730523823047,0.10496503046767104,0.1073815459447326,0.032318838397617226,0.007327232211863764,0.1073815459447326,5
SPWLA_PDDA_2021,cross_well,catboost_cqr_signed,CatBoost Quantile+CQR,0.925636574074074,0.8843749999999999,0.8559027777777778,0.22568304215167861,0.26889376140231075,0.05287438118974963,0.925636574074074,0.26889376140231075,0.012129504003890705,0.024963352044797597,0.03749005221064573,0.10515677635516381,0.12526540355223584,0.027520528415599623,0.012129504003890705,0.12526540355223584,6
SPWLA_PDDA_2021,cross_well,hgb_cqr_signed,HGB-CQR,0.9331597222222222,0.8812500000000001,0.8541666666666666,0.24243511420430514,0.275944204345833,0.05684614861409151,0.9331597222222222,0.275944204345833,0.007517581630073188,0.020207058056839904,0.014084184669781202,0.09359712831208594,0.11080197700901744,0.035644713495182376,0.007517581630073188,0.11080197700901744,7
SPWLA_PDDA_2021,cross_well,lightgbm_cqr_signed,LightGBM Quantile+CQR,0.9429012345679012,0.9043402777777777,0.8828125,0.25442115994502784,0.28172768497879497,0.051676453466808325,0.9429012345679012,0.28172768497879497,0.015526901846884681,0.023706500276969255,0.028969525340217427,0.1266053041175371,0.1364101979693632,0.02483590132306524,0.015526901846884681,0.1364101979693632,8
SPWLA_PDDA_2021,within_well,ngboost_cqr_signed,NGBoost PI,0.8513117283950618,0.7994444444444445,0.7611111111111111,0.1912677030328152,0.384978173651995,0.0699661944025349,0.8513117283950618,0.384978173651995,0.02649022129799997,0.02526508762656046,0.03259268301492083,0.10699711606420778,0.2203600650125029,0.04290546924887789,0.026490221297999966,0.22036006501250294,1
SPWLA_PDDA_2021,within_well,global_rf_cqr,Global RF-CQR,0.8848765432098765,0.8293055555555555,0.7798611111111111,0.25671583692594424,0.41253465919823856,0.08316250323161989,0.8848765432098765,0.41253465919823856,0.03065753534767536,0.028195128617861918,0.020198666072568056,0.11768219541602426,0.21795814323295684,0.043855801868679115,0.03065753534767531,0.2179581432329568,2
SPWLA_PDDA_2021,within_well,wl_pcqr,WL-PCQR,0.8848765432098765,0.8293055555555555,0.7798611111111111,0.25671583692594424,0.41253465919823856,0.08316250323161987,0.8848765432098765,0.41253465919823856,0.03065753534767536,0.028195128617861918,0.020198666072568056,0.11768219541602426,0.21795814323295684,0.04385580186867911,0.03065753534767531,0.2179581432329568,2
SPWLA_PDDA_2021,within_well,extratrees_pcqr,ExtraTrees-PCQR,0.8793981481481482,0.8223611111111111,0.7256944444444444,0.27130394389493073,0.43339489260658265,0.09370963251273573,0.8793981481481482,0.43339489260658265,0.037204662628443394,0.048300994928791176,0.05932929527457561,0.1152263096298829,0.2376901539824519,0.04512448919921636,0.037204662628443394,0.23769015398245197,4
SPWLA_PDDA_2021,within_well,catboost_cqr_signed,CatBoost Quantile+CQR,0.846604938271605,0.78875,0.7631944444444445,0.24582230796640184,0.44090406291103623,0.08370043138070599,0.846604938271605,0.4409040629110362,0.012636429688848363,0.020643930706142177,0.030529897686985094,0.10954077687367451,0.22877726664908346,0.04008437434492958,0.012636429688848348,0.22877726664908346,5
SPWLA_PDDA_2021,within_well,lightgbm_cqr_signed,LightGBM Quantile+CQR,0.8863425925925926,0.8305555555555555,0.8083333333333333,0.3459402324956391,0.47044022439739386,0.07353349951190855,0.8863425925925926,0.47044022439739386,0.033903543052039305,0.04124579103105885,0.04592793267718459,0.16026541670529554,0.23338404850669195,0.03919912585872813,0.03390354305203934,0.2333840485066919,6
SPWLA_PDDA_2021,within_well,hgb_cqr_signed,HGB-CQR,0.8770833333333333,0.8120833333333333,0.7520833333333333,0.329120293084585,0.48584820270843143,0.08205886889182173,0.8770833333333334,0.48584820270843143,0.03228046400660131,0.016249999999999917,0.006250000000000042,0.1390440071730626,0.24122066290699168,0.040222887386068246,0.032280464006601346,0.24122066290699168,7
