method,method_label,target,splits,n,rmse,mae,r2,corr,coverage,width,width_std,width_cv,winkler,macro_well_coverage,p10_well_coverage,worst_well_coverage,worst_well,macro_well_width,macro_well_winkler,dataset,protocol,seed
wl_pcqr,WL-PCQR,PHIF,9,1152,0.014293104195944603,0.00885860021599092,0.9451558603758481,0.9734757712191602,0.9105902777777778,0.04316365922093034,0.023073914411902777,0.526981885423036,0.065226651774767,0.9105902777777778,0.8203125,0.8203125,0,0.04316365922093034,0.065226651774767,SPWLA_PDDA_2021,cross_well,42
global_rf_cqr,Global RF-CQR,PHIF,9,1152,0.015446802693652204,0.01011594748638566,0.9434932609446284,0.9759408159058215,0.9262152777777778,0.04898536270274961,0.020618670622688327,0.43575040957502115,0.0657202109393297,0.9262152777777778,0.896875,0.859375,4,0.04898536270274961,0.0657202109393297,SPWLA_PDDA_2021,cross_well,42
extratrees_pcqr,ExtraTrees-PCQR,PHIF,9,1152,0.020645151214332556,0.015432809193057478,0.8921536724324299,0.9754644521385448,0.9322916666666666,0.08148325916993487,0.029447571482161324,0.42017950749789024,0.09106018132745453,0.9322916666666666,0.8953125,0.8828125,1,0.08148325916993487,0.09106018132745453,SPWLA_PDDA_2021,cross_well,42
ngboost_cqr_signed,NGBoost PI,PHIF,9,1152,0.017761956938337223,0.011692457103387186,0.925032466332274,0.9661964799740939,0.9210069444444444,0.049031059668085214,0.005874113016085229,0.0752265062286532,0.07321536899262054,0.9210069444444444,0.8765625,0.8203125,4,0.049031059668085214,0.07321536899262054,SPWLA_PDDA_2021,cross_well,42
hgb_cqr_signed,HGB-CQR,PHIF,9,1152,0.014324420812787132,0.009018529514208977,0.9462761609593885,0.9757895635849412,0.9418402777777778,0.11854628607136851,0.04080707305644,0.35876168256128926,0.13126249000720328,0.9418402777777778,0.890625,0.859375,4,0.11854628607136851,0.13126249000720328,SPWLA_PDDA_2021,cross_well,42
lightgbm_cqr_signed,LightGBM Quantile+CQR,PHIF,9,1152,0.01930084536141528,0.012868809934898815,0.9220382148932686,0.9713865332893801,0.9314236111111112,0.09138740375905524,0.03006342310235178,0.34944931950097613,0.1042527087754493,0.9314236111111112,0.8890625,0.8828125,7,0.09138740375905524,0.1042527087754493,SPWLA_PDDA_2021,cross_well,42
catboost_cqr_signed,CatBoost Quantile+CQR,PHIF,9,1152,0.018398910789370747,0.012014142554972422,0.9270604382546858,0.9730067711865085,0.9322916666666666,0.08723411440292103,0.017483862068757773,0.24043861391662139,0.10513103001725975,0.9322916666666666,0.9015625,0.8828125,0,0.08723411440292103,0.10513103001725975,SPWLA_PDDA_2021,cross_well,42
source_only_rf_cqr,Source-only RF-CQR,PHIF,9,1440,0.016627723142944528,0.010279876918521428,0.939437415343292,0.9735333292007362,0.8986111111111111,0.045284443138869916,0.01966481594030202,0.4275622756768516,0.08633718227091079,0.8986111111111111,0.7937500000000001,0.39375,0,0.045284443138869916,0.08633718227091079,SPWLA_PDDA_2021,cross_well,42
ngboost_cqr_signed,NGBoost PI,PHIF,45,1440,0.023245216485381182,0.017397358236881662,0.5974300093933603,0.9085405919798774,0.8756944444444444,0.06628220000576439,0.004757180577705628,0.0383881178126723,0.10969975835463013,0.8756944444444446,0.82625,0.78125,,0.0662822000057644,0.10969975835463013,SPWLA_PDDA_2021,within_well,42
global_rf_cqr,Global RF-CQR,PHIF,45,1440,0.029068509897582657,0.022672256764764344,0.5516982563758995,0.9037816083685466,0.8916666666666667,0.10120681491053048,0.026418771889558407,0.31879506470851804,0.12858684703847828,0.8916666666666667,0.8225,0.7875,,0.10120681491053052,0.1285868470384783,SPWLA_PDDA_2021,within_well,42
wl_pcqr,WL-PCQR,PHIF,45,1440,0.029068509897582657,0.022672256764764344,0.5516982563758994,0.9037816083685466,0.8916666666666667,0.10120681491053048,0.026418771889558407,0.31879506470851804,0.12858684703847828,0.8916666666666667,0.8225,0.7875,,0.10120681491053052,0.1285868470384783,SPWLA_PDDA_2021,within_well,42
extratrees_pcqr,ExtraTrees-PCQR,PHIF,45,1440,0.03446172762569704,0.02804032964819488,0.4420461309395877,0.8984493453929512,0.8923611111111112,0.11853112723733533,0.025740534725511147,0.2665463973259998,0.1411863482819549,0.8923611111111112,0.85875,0.79375,,0.11853112723733533,0.1411863482819549,SPWLA_PDDA_2021,within_well,42
catboost_cqr_signed,CatBoost Quantile+CQR,PHIF,45,1440,0.03079410460892404,0.024466878695441903,0.5143622406892789,0.9012425707797728,0.8548611111111111,0.1019776914024236,0.017365645486828927,0.1964989294897084,0.1488372465193491,0.8548611111111112,0.8075,0.7625,,0.10197769140242362,0.1488372465193491,SPWLA_PDDA_2021,within_well,42
lightgbm_cqr_signed,LightGBM Quantile+CQR,PHIF,45,1440,0.025307045986769472,0.019393815815102407,0.6083274182555682,0.9077912006365482,0.8701388888888889,0.13540616965589605,0.02574919079365153,0.22947791073953722,0.1672721037291914,0.870138888888889,0.81125,0.78125,,0.13540616965589605,0.1672721037291914,SPWLA_PDDA_2021,within_well,42
hgb_cqr_signed,HGB-CQR,PHIF,45,1440,0.03041428241052783,0.023881562060259168,0.49160705080975986,0.8991591797465637,0.8805555555555555,0.14584027639593955,0.029109614793564473,0.2298731506017377,0.17498673315456598,0.8805555555555555,0.7937500000000001,0.74375,,0.14584027639593958,0.17498673315456598,SPWLA_PDDA_2021,within_well,42
wl_pcqr,WL-PCQR,PHIF,9,1152,0.01394792054151198,0.00834258321678419,0.947821970477424,0.974150705731823,0.8932291666666666,0.0418733370139445,0.02301307705819691,0.5334359145613858,0.068185496445734,0.8932291666666666,0.765625,0.734375,0,0.0418733370139445,0.068185496445734,SPWLA_PDDA_2021,cross_well,7
global_rf_cqr,Global RF-CQR,PHIF,9,1152,0.015668308923468738,0.01022193962510421,0.9416665832958291,0.9751489250330992,0.921875,0.05296190565033415,0.021689917192344386,0.42774026573550683,0.06983928794686826,0.921875,0.8546875,0.7734375,4,0.05296190565033415,0.06983928794686826,SPWLA_PDDA_2021,cross_well,7
extratrees_pcqr,ExtraTrees-PCQR,PHIF,9,1152,0.02027538809235751,0.014811636511194208,0.9016989757953111,0.9744017264140221,0.9487847222222222,0.08253756902810301,0.0297162662441579,0.4057708578375958,0.09110460281159641,0.9487847222222222,0.903125,0.859375,7,0.08253756902810301,0.09110460281159641,SPWLA_PDDA_2021,cross_well,7
ngboost_cqr_signed,NGBoost PI,PHIF,9,1152,0.017685467700398066,0.01158493398919571,0.9243856972778768,0.9657751115376839,0.9140625,0.04659033192553139,0.005509299733136437,0.07179691049490394,0.07136493499788675,0.9140625,0.875,0.84375,4,0.04659033192553139,0.07136493499788675,SPWLA_PDDA_2021,cross_well,7
hgb_cqr_signed,HGB-CQR,PHIF,9,1152,0.014324420812787132,0.009018529514208977,0.9462761609593885,0.9757895635849412,0.9418402777777778,0.11854628607136851,0.04080707305644,0.35876168256128926,0.13126249000720328,0.9418402777777778,0.890625,0.859375,4,0.11854628607136851,0.13126249000720328,SPWLA_PDDA_2021,cross_well,7
lightgbm_cqr_signed,LightGBM Quantile+CQR,PHIF,9,1152,0.02007218847656455,0.013378466505420286,0.9137060362277837,0.9705315792615112,0.9184027777777778,0.0881306289935028,0.029534865262259496,0.3524826044941775,0.10298777381952252,0.9184027777777778,0.859375,0.828125,4,0.0881306289935028,0.10298777381952252,SPWLA_PDDA_2021,cross_well,7
catboost_cqr_signed,CatBoost Quantile+CQR,PHIF,9,1152,0.018362562265551708,0.011936617865059847,0.9265862087875987,0.972131723631034,0.9314236111111112,0.08964846749545786,0.019911404383079628,0.2500942340468756,0.10755221655231008,0.9314236111111112,0.9015625,0.8828125,7,0.08964846749545786,0.10755221655231008,SPWLA_PDDA_2021,cross_well,7
source_only_rf_cqr,Source-only RF-CQR,PHIF,9,1440,0.01675305019042415,0.010313981096179897,0.9379759450612224,0.9732193611473998,0.9027777777777778,0.0450770540437172,0.020347457247738936,0.43851233717045973,0.08477292223017861,0.9027777777777778,0.81125,0.43125,0,0.0450770540437172,0.08477292223017863,SPWLA_PDDA_2021,cross_well,7
ngboost_cqr_signed,NGBoost PI,PHIF,45,1440,0.022927326813185624,0.017103043863843367,0.6146783295214524,0.9121404222023228,0.8777777777777778,0.06682037532913376,0.004837250181941402,0.039134696481170884,0.10969111722270017,0.8777777777777778,0.82625,0.75625,,0.06682037532913376,0.10969111722270017,SPWLA_PDDA_2021,within_well,7
global_rf_cqr,Global RF-CQR,PHIF,45,1440,0.02888650661144031,0.022540349239663682,0.5531846190135901,0.9060205560153103,0.89375,0.10197950527047611,0.026755577558529593,0.322123417279247,0.12717395067816029,0.8937499999999999,0.8375,0.8125,,0.10197950527047611,0.1271739506781603,SPWLA_PDDA_2021,within_well,7
wl_pcqr,WL-PCQR,PHIF,45,1440,0.02888650661144031,0.022540349239663682,0.5531846190135901,0.9060205560153103,0.89375,0.10197950527047611,0.026755577558529593,0.322123417279247,0.12717395067816029,0.8937499999999999,0.8375,0.8125,,0.10197950527047611,0.1271739506781603,SPWLA_PDDA_2021,within_well,7
extratrees_pcqr,ExtraTrees-PCQR,PHIF,45,1440,0.03398385498518992,0.027551932968726725,0.4574835945737484,0.8998457623462323,0.8916666666666667,0.11890024930963637,0.02589270111711861,0.2686246242897411,0.1426587770333136,0.8916666666666667,0.805,0.8,,0.11890024930963637,0.1426587770333136,SPWLA_PDDA_2021,within_well,7
catboost_cqr_signed,CatBoost Quantile+CQR,PHIF,45,1440,0.03120049826678071,0.02471899059000257,0.49921721345756365,0.892189554937655,0.8541666666666666,0.09876965941880463,0.016575287360211723,0.19873519200643353,0.1433803025860857,0.8541666666666666,0.80625,0.78125,,0.09876965941880463,0.1433803025860857,SPWLA_PDDA_2021,within_well,7
lightgbm_cqr_signed,LightGBM Quantile+CQR,PHIF,45,1440,0.02533390430179393,0.01941473731231131,0.6001378258011753,0.9052675642128296,0.8513888888888889,0.1338996809501889,0.025562997203527324,0.23077396144945764,0.16710576765086543,0.851388888888889,0.79,0.75,,0.1338996809501889,0.1671057676508655,SPWLA_PDDA_2021,within_well,7
hgb_cqr_signed,HGB-CQR,PHIF,45,1440,0.03041428241052783,0.023881562060259168,0.49160705080975986,0.8991591797465637,0.8805555555555555,0.14584027639593955,0.029109614793564473,0.2298731506017377,0.17498673315456598,0.8805555555555555,0.7937500000000001,0.74375,,0.14584027639593958,0.17498673315456598,SPWLA_PDDA_2021,within_well,7
wl_pcqr,WL-PCQR,PHIF,9,1152,0.014346928662560897,0.00890976015973799,0.9450060271440043,0.9730956523425215,0.9236111111111112,0.045735038949928065,0.024103636220742117,0.5035199809741507,0.06583343498427989,0.9236111111111112,0.8765625,0.8515625,6,0.045735038949928065,0.06583343498427989,SPWLA_PDDA_2021,cross_well,123
global_rf_cqr,Global RF-CQR,PHIF,9,1152,0.015558244609651415,0.010105035174933892,0.9423325421398714,0.9753557470198193,0.9175347222222222,0.05136085302446565,0.021358949177145054,0.4452869659565365,0.06826597276343004,0.9175347222222222,0.8421875,0.8046875,4,0.05136085302446565,0.06826597276343004,SPWLA_PDDA_2021,cross_well,123
extratrees_pcqr,ExtraTrees-PCQR,PHIF,9,1152,0.019655874018120082,0.014358112070161959,0.9107355677851494,0.975554869601623,0.9401041666666666,0.07895045272590545,0.028554600393714078,0.41542423782070914,0.08765459453092339,0.9401041666666666,0.8921875,0.8671875,7,0.07895045272590545,0.08765459453092339,SPWLA_PDDA_2021,cross_well,123
ngboost_cqr_signed,NGBoost PI,PHIF,9,1152,0.01749321916764592,0.011510833474348522,0.9266408288045116,0.9667833260421553,0.9210069444444444,0.04735451092927026,0.005045852956259312,0.0706632558811539,0.07203627855938427,0.9210069444444444,0.88125,0.84375,4,0.04735451092927026,0.07203627855938427,SPWLA_PDDA_2021,cross_well,123
hgb_cqr_signed,HGB-CQR,PHIF,9,1152,0.014324420812787132,0.009018529514208977,0.9462761609593885,0.9757895635849412,0.9418402777777778,0.11854628607136851,0.04080707305644,0.35876168256128926,0.13126249000720328,0.9418402777777778,0.890625,0.859375,4,0.11854628607136851,0.13126249000720328,SPWLA_PDDA_2021,cross_well,123
lightgbm_cqr_signed,LightGBM Quantile+CQR,PHIF,9,1152,0.01946800486591257,0.012901789934006678,0.9196156022174349,0.971145008582184,0.9366319444444444,0.09049433926213712,0.029906654603715013,0.34522458382074817,0.10260911778684062,0.9366319444444444,0.8984375,0.8671875,4,0.09049433926213712,0.10260911778684062,SPWLA_PDDA_2021,cross_well,123
catboost_cqr_signed,CatBoost Quantile+CQR,PHIF,9,1152,0.018326967530533,0.011886236624112126,0.9284944509611148,0.9736513678939482,0.9123263888888888,0.08124811081715859,0.017662144419443956,0.24951550015857066,0.09801628230856307,0.9123263888888888,0.865625,0.859375,4,0.08124811081715859,0.09801628230856307,SPWLA_PDDA_2021,cross_well,123
source_only_rf_cqr,Source-only RF-CQR,PHIF,9,1440,0.0165969118484764,0.010222863974033254,0.9395609794100425,0.9735160135029576,0.9027777777777778,0.04584151755219744,0.0201247862873543,0.429812396135342,0.08502200256334763,0.9027777777777778,0.8087500000000001,0.41875,0,0.04584151755219744,0.08502200256334763,SPWLA_PDDA_2021,cross_well,123
ngboost_cqr_signed,NGBoost PI,PHIF,45,1440,0.023400731833216778,0.01749440968025642,0.5892365135566254,0.9062620437242701,0.8666666666666667,0.06694636897971104,0.0048877962732508055,0.03866956340485131,0.11323209555351028,0.8666666666666667,0.82125,0.75625,,0.06694636897971105,0.11323209555351028,SPWLA_PDDA_2021,within_well,123
global_rf_cqr,Global RF-CQR,PHIF,45,1440,0.029182341904452347,0.02280182210327569,0.5462546314655435,0.9030088801236389,0.8930555555555556,0.10184104650199548,0.026919659547006012,0.31990933639372315,0.12921314734500355,0.8930555555555555,0.8275,0.8125,,0.10184104650199545,0.12921314734500358,SPWLA_PDDA_2021,within_well,123
wl_pcqr,WL-PCQR,PHIF,45,1440,0.029182341904452347,0.022801822103275693,0.5462546314655434,0.9030088801236389,0.8930555555555556,0.10184104650199548,0.026919659547006012,0.31990933639372315,0.12921314734500355,0.8930555555555555,0.8275,0.8125,,0.10184104650199545,0.12921314734500358,SPWLA_PDDA_2021,within_well,123
extratrees_pcqr,ExtraTrees-PCQR,PHIF,45,1440,0.034014693581313545,0.027653212226928816,0.4540250022948977,0.8996136989749733,0.8888888888888888,0.11734049179024379,0.025767069970072765,0.2696041029924539,0.14225926289500043,0.8888888888888888,0.83875,0.79375,,0.11734049179024379,0.14225926289500043,SPWLA_PDDA_2021,within_well,123
catboost_cqr_signed,CatBoost Quantile+CQR,PHIF,45,1440,0.031191149398405234,0.02479790628065229,0.5031598840567386,0.8990872256947315,0.8576388888888888,0.10183812138661923,0.016698950246505015,0.19601296669529195,0.14596437309643426,0.8576388888888888,0.7925,0.7875,,0.10183812138661923,0.14596437309643426,SPWLA_PDDA_2021,within_well,123
lightgbm_cqr_signed,LightGBM Quantile+CQR,PHIF,45,1440,0.025486744153531256,0.019587006350155495,0.6002284575696473,0.9062396808205987,0.8583333333333333,0.13072468787046937,0.02527279852702116,0.23667133213860936,0.1674399540186679,0.8583333333333333,0.7887500000000001,0.74375,,0.13072468787046937,0.1674399540186679,SPWLA_PDDA_2021,within_well,123
hgb_cqr_signed,HGB-CQR,PHIF,45,1440,0.03041428241052783,0.023881562060259168,0.49160705080975986,0.8991591797465637,0.8805555555555555,0.14584027639593955,0.029109614793564473,0.2298731506017377,0.17498673315456598,0.8805555555555555,0.7937500000000001,0.74375,,0.14584027639593958,0.17498673315456598,SPWLA_PDDA_2021,within_well,123
wl_pcqr,WL-PCQR,SW,9,1152,0.06665255036901152,0.03730827115194187,0.7399470592625745,0.8944023832937084,0.9461805555555556,0.16670470920852437,0.13475104320816994,0.9571012997753628,0.21693940228022435,0.9461805555555556,0.9125,0.90625,6,0.16670470920852437,0.21693940228022435,SPWLA_PDDA_2021,cross_well,42
global_rf_cqr,Global RF-CQR,SW,9,1152,0.07777091148362554,0.04902365715498518,0.6621535796753173,0.874405433952421,0.9618055555555556,0.20539745738219203,0.13602725971399351,0.818964226268271,0.24629991341133234,0.9618055555555556,0.93125,0.90625,8,0.20539745738219203,0.24629991341133234,SPWLA_PDDA_2021,cross_well,42
extratrees_pcqr,ExtraTrees-PCQR,SW,9,1152,0.09377105976007119,0.0751990151921858,0.5466037287081658,0.851853044923243,0.9314236111111112,0.31572136687825736,0.1470555333819029,0.5312628596800454,0.3293745697637343,0.9314236111111112,0.8703125,0.7890625,0,0.31572136687825736,0.3293745697637343,SPWLA_PDDA_2021,cross_well,42
ngboost_cqr_signed,NGBoost PI,SW,9,1152,0.08118326777352654,0.053864570210443455,0.5906628743374084,0.8586461140349313,0.9210069444444444,0.21716652994972682,0.06516984696551625,0.33408739562563433,0.3209811166653333,0.9210069444444444,0.875,0.875,0,0.21716652994972682,0.3209811166653333,SPWLA_PDDA_2021,cross_well,42
hgb_cqr_signed,HGB-CQR,SW,9,1152,0.09649145699366889,0.04720071000808913,0.5243620438393193,0.8068302999737798,0.9331597222222222,0.31738844581136366,0.10083919037538264,0.33234030551203136,0.37416630242116816,0.9331597222222222,0.8984375,0.8671875,4,0.31738844581136366,0.37416630242116816,SPWLA_PDDA_2021,cross_well,42
lightgbm_cqr_signed,LightGBM Quantile+CQR,SW,9,1152,0.07440745219527165,0.04722536823666095,0.6856538454993428,0.8695550123976973,0.9592013888888888,0.3652745911778539,0.17859434673167346,0.4856405026063792,0.40099894999450025,0.9592013888888888,0.9140625,0.8828125,8,0.3652745911778539,0.40099894999450025,SPWLA_PDDA_2021,cross_well,42
catboost_cqr_signed,CatBoost Quantile+CQR,SW,9,1152,0.08114376368501346,0.05448594198380939,0.6553338462218036,0.8633566000795859,0.9114583333333334,0.30036168058223,0.10709578630578895,0.39749361244742937,0.3763356530598213,0.9114583333333334,0.8734375,0.8046875,0,0.30036168058223,0.3763356530598213,SPWLA_PDDA_2021,cross_well,42
source_only_rf_cqr,Source-only RF-CQR,SW,9,1440,0.07836001542438518,0.04909041572217774,0.6320671993150213,0.863517687791552,0.9055555555555556,0.18171451211647896,0.1328748453382128,0.87346730085557,0.25262715296312366,0.9055555555555556,0.7999999999999999,0.725,0,0.181714512116479,0.25262715296312366,SPWLA_PDDA_2021,cross_well,42
extratrees_pcqr,ExtraTrees-PCQR,SW,45,1440,0.1308899938525319,0.10029777663243,-4.522415825855817,,0.9125,0.3381919242353599,0.11068503024919944,0.3995295790837487,0.47094241798390385,0.9125000000000001,0.8562500000000001,0.70625,,0.3381919242353599,0.47094241798390374,SPWLA_PDDA_2021,within_well,42
global_rf_cqr,Global RF-CQR,SW,45,1440,0.12906234924924564,0.09261858413009837,-4.587880189595361,,0.9173611111111111,0.35398856980662524,0.10451624773911511,0.42017452624482354,0.503037515999265,0.9173611111111111,0.85875,0.76875,,0.3539885698066253,0.503037515999265,SPWLA_PDDA_2021,within_well,42
wl_pcqr,WL-PCQR,SW,45,1440,0.12906234924924564,0.09261858413009835,-4.5878801895953565,,0.9173611111111111,0.35398856980662524,0.10451624773911511,0.42017452624482354,0.503037515999265,0.9173611111111111,0.85875,0.76875,,0.3539885698066253,0.503037515999265,SPWLA_PDDA_2021,within_well,42
catboost_cqr_signed,CatBoost Quantile+CQR,SW,45,1440,0.11817954121064932,0.08363819797682207,-1.704155233776341,,0.8486111111111111,0.3035420360188915,0.05130505795826122,0.25655621189355526,0.5173439748671397,0.8486111111111111,0.76375,0.74375,,0.3035420360188915,0.5173439748671397,SPWLA_PDDA_2021,within_well,42
lightgbm_cqr_signed,LightGBM Quantile+CQR,SW,45,1440,0.11454419214087444,0.07711038355083917,-2.6128524722984965,,0.9326388888888889,0.4378403514049833,0.09103744984820215,0.35877557891540995,0.5626348415335042,0.932638888888889,0.8825,0.8625,,0.4378403514049833,0.5626348415335042,SPWLA_PDDA_2021,within_well,42
hgb_cqr_signed,HGB-CQR,SW,45,1440,0.12040321234846317,0.07989585167950511,-1.9592753347500655,,0.9125,0.3965947366804008,0.10618524370381592,0.45664209431293157,0.5698151633675654,0.9125000000000001,0.8312499999999999,0.75625,,0.3965947366804008,0.5698151633675654,SPWLA_PDDA_2021,within_well,42
ngboost_cqr_signed,NGBoost PI,SW,45,1440,0.12205555506827828,0.07836227904777072,-3.353055279179677,,0.8625,0.31443292670751183,0.0409655969502887,0.18098518908976793,0.6154732117421976,0.8625000000000002,0.805,0.8,,0.31443292670751183,0.6154732117421976,SPWLA_PDDA_2021,within_well,42
wl_pcqr,WL-PCQR,SW,9,1152,0.06692296062652815,0.03763899356070302,0.7411449564382135,0.8943132747241863,0.9574652777777778,0.17811175488134223,0.1386033187680728,0.9261438822262844,0.21987544036112672,0.9574652777777778,0.9140625,0.8828125,7,0.17811175488134223,0.21987544036112672,SPWLA_PDDA_2021,cross_well,7
global_rf_cqr,Global RF-CQR,SW,9,1152,0.07841466853636064,0.04980134884080841,0.6673844129705275,0.8771980156492497,0.9609375,0.21045970602824662,0.1405656878605945,0.8149047123419932,0.2509330600551558,0.9609375,0.925,0.875,8,0.21045970602824662,0.2509330600551558,SPWLA_PDDA_2021,cross_well,7
extratrees_pcqr,ExtraTrees-PCQR,SW,9,1152,0.09540135299512444,0.07666764153426883,0.5201177129857956,0.8499380769262592,0.9418402777777778,0.3241426707918462,0.14913728940481585,0.5384122354873874,0.337086167581981,0.9418402777777778,0.871875,0.796875,0,0.3241426707918462,0.337086167581981,SPWLA_PDDA_2021,cross_well,7
ngboost_cqr_signed,NGBoost PI,SW,9,1152,0.08066716282355031,0.05313103540504504,0.6020264695128547,0.8595289067928708,0.9244791666666666,0.2170033187471742,0.06520267062301345,0.3349878853341432,0.3198770379143057,0.9244791666666666,0.8921875,0.8671875,8,0.2170033187471742,0.3198770379143057,SPWLA_PDDA_2021,cross_well,7
hgb_cqr_signed,HGB-CQR,SW,9,1152,0.09649145699366889,0.04720071000808913,0.5243620438393193,0.8068302999737798,0.9331597222222222,0.31738844581136366,0.10083919037538264,0.33234030551203136,0.37416630242116816,0.9331597222222222,0.8984375,0.8671875,4,0.31738844581136366,0.37416630242116816,SPWLA_PDDA_2021,cross_well,7
lightgbm_cqr_signed,LightGBM Quantile+CQR,SW,9,1152,0.07480580364809476,0.04744668796266191,0.683779736802583,0.8731824309647398,0.9644097222222222,0.3750272436974929,0.1758765797735014,0.4741197645992923,0.3965095859724632,0.9644097222222222,0.9421875,0.9296875,8,0.3750272436974929,0.3965095859724632,SPWLA_PDDA_2021,cross_well,7
catboost_cqr_signed,CatBoost Quantile+CQR,SW,9,1152,0.08131682765478829,0.05486846607438524,0.6465495571854792,0.859766516220674,0.9357638888888888,0.31651975452614334,0.10391609443007628,0.3850104966433199,0.37713671951988775,0.9357638888888888,0.8984375,0.8359375,7,0.31651975452614334,0.37713671951988775,SPWLA_PDDA_2021,cross_well,7
source_only_rf_cqr,Source-only RF-CQR,SW,9,1440,0.07924224673697407,0.05020952688802734,0.622702500681712,0.8621983868771672,0.9027777777777778,0.18694786460152954,0.13247614127664858,0.8679658537484384,0.25979125712440826,0.9027777777777778,0.77,0.7,0,0.18694786460152954,0.2597912571244083,SPWLA_PDDA_2021,cross_well,7
extratrees_pcqr,ExtraTrees-PCQR,SW,45,1440,0.13134451352026616,0.10048399187813345,-4.778560177122058,,0.9138888888888889,0.33620570030222485,0.10701501840986345,0.39632222797415356,0.4724825353043884,0.9138888888888889,0.8675,0.7125,,0.33620570030222485,0.4724825353043883,SPWLA_PDDA_2021,within_well,7
global_rf_cqr,Global RF-CQR,SW,45,1440,0.12928084868088222,0.09320856079875296,-4.749910557755953,,0.9131944444444444,0.3567999169314812,0.10362081000708012,0.3976491077255884,0.5016742289609043,0.9131944444444442,0.85625,0.75625,,0.3567999169314813,0.5016742289609043,SPWLA_PDDA_2021,within_well,7
wl_pcqr,WL-PCQR,SW,45,1440,0.12928084868088222,0.09320856079875295,-4.749910557755949,,0.9131944444444444,0.3567999169314812,0.10362081000708012,0.3976491077255884,0.5016742289609043,0.9131944444444442,0.85625,0.75625,,0.3567999169314813,0.5016742289609043,SPWLA_PDDA_2021,within_well,7
catboost_cqr_signed,CatBoost Quantile+CQR,SW,45,1440,0.11877310200742736,0.08450628750399702,-1.8322500540513305,,0.8625,0.30087150849957656,0.04733275016242621,0.23855461846647216,0.517964964455769,0.8625,0.7975,0.7125,,0.3008715084995765,0.517964964455769,SPWLA_PDDA_2021,within_well,7
lightgbm_cqr_signed,LightGBM Quantile+CQR,SW,45,1440,0.11562720519361118,0.07792535094715998,-2.7979831500009555,,0.9326388888888889,0.43326297474156245,0.09225849518325781,0.3786587683523925,0.5592159808553853,0.932638888888889,0.8837499999999999,0.86875,,0.4332629747415624,0.5592159808553854,SPWLA_PDDA_2021,within_well,7
hgb_cqr_signed,HGB-CQR,SW,45,1440,0.12040321234846317,0.07989585167950511,-1.9592753347500655,,0.9125,0.3965947366804008,0.10618524370381592,0.45664209431293157,0.5698151633675654,0.9125000000000001,0.8312499999999999,0.75625,,0.3965947366804008,0.5698151633675654,SPWLA_PDDA_2021,within_well,7
ngboost_cqr_signed,NGBoost PI,SW,45,1440,0.12163547637071215,0.07812909610052135,-3.3280553708156364,,0.8638888888888889,0.31274764505970215,0.04112706056535317,0.18307671833245426,0.6126250263450866,0.8638888888888889,0.80375,0.79375,,0.31274764505970215,0.6126250263450868,SPWLA_PDDA_2021,within_well,7
wl_pcqr,WL-PCQR,SW,9,1152,0.06747370417077501,0.03769409863604391,0.7374555655221188,0.8928253977797223,0.9592013888888888,0.17284357222296848,0.13637055462454123,0.9165984365550847,0.21169356041078446,0.9592013888888888,0.9203125,0.8828125,7,0.17284357222296848,0.21169356041078446,SPWLA_PDDA_2021,cross_well,123
global_rf_cqr,Global RF-CQR,SW,9,1152,0.07824628438784036,0.05028836394962693,0.6649240882144568,0.8773050776405912,0.9696180555555556,0.2179084460918103,0.14032574783066357,0.7954006322672424,0.25101788907167,0.9696180555555556,0.9234375,0.8984375,7,0.2179084460918103,0.25101788907167,SPWLA_PDDA_2021,cross_well,123
extratrees_pcqr,ExtraTrees-PCQR,SW,9,1152,0.09382839949074451,0.07584741121603256,0.5655296028850771,0.8629859020369358,0.9522569444444444,0.32260064992233983,0.14602847118562087,0.5110285757766728,0.3326798384890791,0.9522569444444444,0.9046875,0.8984375,4,0.32260064992233983,0.3326798384890791,SPWLA_PDDA_2021,cross_well,123
ngboost_cqr_signed,NGBoost PI,SW,9,1152,0.08143984309108775,0.05369969124017402,0.5888422515804494,0.8572640871790254,0.9236111111111112,0.22238742966151215,0.06643613613628918,0.33450787606837784,0.3242301461480073,0.9236111111111112,0.8953125,0.8828125,8,0.22238742966151215,0.3242301461480073,SPWLA_PDDA_2021,cross_well,123
hgb_cqr_signed,HGB-CQR,SW,9,1152,0.09649145699366889,0.04720071000808913,0.5243620438393193,0.8068302999737798,0.9331597222222222,0.31738844581136366,0.10083919037538264,0.33234030551203136,0.37416630242116816,0.9331597222222222,0.8984375,0.8671875,4,0.31738844581136366,0.37416630242116816,SPWLA_PDDA_2021,cross_well,123
lightgbm_cqr_signed,LightGBM Quantile+CQR,SW,9,1152,0.07491834074182258,0.047826925671495164,0.6793810369345792,0.8738940872490916,0.9574652777777778,0.36849209208335854,0.17599983139620334,0.46384556907127017,0.4062043194060105,0.9574652777777778,0.921875,0.890625,8,0.36849209208335854,0.4062043194060105,SPWLA_PDDA_2021,cross_well,123
catboost_cqr_signed,CatBoost Quantile+CQR,SW,9,1152,0.08023068191568215,0.05494579034411734,0.6607283621436166,0.8630906371178352,0.9079861111111112,0.2841565001365713,0.10339790294416697,0.40520963362292456,0.3594117239498284,0.9079861111111112,0.8375,0.8125,0,0.2841565001365713,0.3594117239498284,SPWLA_PDDA_2021,cross_well,123
source_only_rf_cqr,Source-only RF-CQR,SW,9,1440,0.07963392039853188,0.050918443067715924,0.626831549587929,0.8615171047627208,0.9138888888888889,0.19172033689051118,0.13445252913126382,0.8516682883080684,0.2517936594186244,0.9138888888888889,0.81125,0.73125,0,0.19172033689051118,0.2517936594186244,SPWLA_PDDA_2021,cross_well,123
extratrees_pcqr,ExtraTrees-PCQR,SW,45,1440,0.13039813046837737,0.09985976102883663,-4.678036304532708,,0.9194444444444444,0.3344271730952444,0.10393775824766427,0.37996394365080305,0.4706890466874058,0.9194444444444445,0.88125,0.73125,,0.3344271730952444,0.4706890466874058,SPWLA_PDDA_2021,within_well,123
global_rf_cqr,Global RF-CQR,SW,45,1440,0.12985232015912274,0.09306590032212123,-5.0753338421498615,,0.9152777777777777,0.35457467408723303,0.1050287705957422,0.4123437147882891,0.5018701024654064,0.9152777777777776,0.86875,0.76875,,0.35457467408723303,0.5018701024654064,SPWLA_PDDA_2021,within_well,123
wl_pcqr,WL-PCQR,SW,45,1440,0.1298523201591227,0.09306590032212121,-5.0753338421498615,,0.9152777777777777,0.35457467408723303,0.1050287705957422,0.4123437147882891,0.5018701024654064,0.9152777777777776,0.86875,0.76875,,0.35457467408723303,0.5018701024654064,SPWLA_PDDA_2021,within_well,123
catboost_cqr_signed,CatBoost Quantile+CQR,SW,45,1440,0.1170877590118945,0.08297959828415913,-1.5931778846954792,,0.8395833333333333,0.30598043380306184,0.05004408238713273,0.2549249940148384,0.5270348332062642,0.8395833333333332,0.75,0.725,,0.30598043380306184,0.5270348332062642,SPWLA_PDDA_2021,within_well,123
lightgbm_cqr_signed,LightGBM Quantile+CQR,SW,45,1440,0.11541027173929973,0.07782221305681826,-2.8345353099604704,,0.9263888888888889,0.43082853843594476,0.09111193384953296,0.36355409514631387,0.5622500525567923,0.9263888888888889,0.885,0.85,,0.4308285384359447,0.5622500525567923,SPWLA_PDDA_2021,within_well,123
hgb_cqr_signed,HGB-CQR,SW,45,1440,0.12040321234846317,0.07989585167950511,-1.9592753347500655,,0.9125,0.3965947366804008,0.10618524370381592,0.45664209431293157,0.5698151633675654,0.9125000000000001,0.8312499999999999,0.75625,,0.3965947366804008,0.5698151633675654,SPWLA_PDDA_2021,within_well,123
ngboost_cqr_signed,NGBoost PI,SW,45,1440,0.12193566432767147,0.07841914561042185,-3.3438214126647514,,0.8652777777777778,0.31407611322257506,0.04064303825790751,0.18357445341173345,0.6126748817094593,0.8652777777777777,0.80875,0.79375,,0.3140761132225751,0.6126748817094593,SPWLA_PDDA_2021,within_well,123
wl_pcqr,WL-PCQR,VSH,9,1152,0.04752336281381665,0.03456215828775767,0.926148232704515,0.9752162388039041,0.9123263888888888,0.14573858319519234,0.08035483127716159,0.6189054859309486,0.18887276905197098,0.9123263888888888,0.8375,0.8125,1,0.14573858319519234,0.18887276905197098,SPWLA_PDDA_2021,cross_well,42
global_rf_cqr,Global RF-CQR,VSH,9,1152,0.059184635735986396,0.04552786527992643,0.9077816675164804,0.9728471269863965,0.9244791666666666,0.19581751838693806,0.06301968639592453,0.3258624321260877,0.23960940526644764,0.9244791666666666,0.8953125,0.8515625,1,0.19581751838693806,0.23960940526644764,SPWLA_PDDA_2021,cross_well,42
extratrees_pcqr,ExtraTrees-PCQR,VSH,9,1152,0.06479303170383015,0.04923793777304648,0.8916325233403966,0.9717194772355582,0.9331597222222222,0.22606043906465492,0.14190772008389352,0.6139568841831902,0.24846536499375127,0.9331597222222222,0.8921875,0.8046875,1,0.22606043906465492,0.24846536499375127,SPWLA_PDDA_2021,cross_well,42
ngboost_cqr_signed,NGBoost PI,VSH,9,1152,0.06334598898683291,0.048868550944263504,0.882177223354654,0.9645159828325064,0.9444444444444444,0.2266826226548135,0.028714161374409186,0.12181375723369675,0.2692001491410682,0.9444444444444444,0.915625,0.859375,1,0.2266826226548135,0.2692001491410682,SPWLA_PDDA_2021,cross_well,42
hgb_cqr_signed,HGB-CQR,VSH,9,1152,0.05972256803581852,0.045120337903146276,0.912964872289927,0.9717666356204933,0.9244791666666666,0.29137061073018317,0.13405347650567737,0.4586758126794831,0.32240382060912764,0.9244791666666666,0.8546875,0.8359375,3,0.29137061073018317,0.32240382060912764,SPWLA_PDDA_2021,cross_well,42
lightgbm_cqr_signed,LightGBM Quantile+CQR,VSH,9,1152,0.06314314757134926,0.04666240982595059,0.8834671645413077,0.9668342221851667,0.9331597222222222,0.3016018496940812,0.10668854062827325,0.3737741965387167,0.3389776852997499,0.9331597222222222,0.8953125,0.8828125,3,0.3016018496940812,0.3389776852997499,SPWLA_PDDA_2021,cross_well,42
catboost_cqr_signed,CatBoost Quantile+CQR,VSH,9,1152,0.05883160714809023,0.04501621493319821,0.9137421549739118,0.9709902833483268,0.9253472222222222,0.2937829933668079,0.09633341862305882,0.33831539684003975,0.33565196761237254,0.9253472222222222,0.865625,0.828125,6,0.2937829933668079,0.33565196761237254,SPWLA_PDDA_2021,cross_well,42
source_only_rf_cqr,Source-only RF-CQR,VSH,9,1440,0.0607321293851447,0.046217068782128196,0.9128232279224521,0.9717079180747166,0.9027777777777778,0.19534526007888067,0.06088684350826426,0.31077244029098344,0.2618227813108392,0.9027777777777778,0.8025,0.7875,8,0.19534526007888067,0.26182278131083914,SPWLA_PDDA_2021,cross_well,42
ngboost_cqr_signed,NGBoost PI,VSH,45,1440,0.06445674074781314,0.04928722724867764,0.6348543756095719,0.9072084012200526,0.8166666666666667,0.19397565308982334,0.011295212949776178,0.06547500487908946,0.4246968911407529,0.8166666666666667,0.775,0.725,,0.1939756530898233,0.42469689114075276,SPWLA_PDDA_2021,within_well,42
global_rf_cqr,Global RF-CQR,VSH,45,1440,0.0905604464459388,0.07040230276546526,0.34223033199401526,0.8511466607751288,0.8534722222222222,0.31422121551348653,0.08795416094845065,0.3685435907306798,0.6013229856152026,0.8534722222222222,0.80375,0.76875,,0.3142212155134865,0.6013229856152026,SPWLA_PDDA_2021,within_well,42
wl_pcqr,WL-PCQR,VSH,45,1440,0.0905604464459388,0.07040230276546527,0.3422303319940153,0.8511466607751289,0.8534722222222222,0.31422121551348653,0.08795416094845065,0.3685435907306798,0.6013229856152026,0.8534722222222222,0.80375,0.76875,,0.3142212155134865,0.6013229856152026,SPWLA_PDDA_2021,within_well,42
catboost_cqr_signed,CatBoost Quantile+CQR,VSH,45,1440,0.10175094520514942,0.0804731589674012,0.049778011621340636,0.8343489460955329,0.8430555555555556,0.3403520119415632,0.05658145030492127,0.1959999124472648,0.6523523821547521,0.8430555555555556,0.81125,0.80625,,0.3403520119415633,0.652352382154752,SPWLA_PDDA_2021,within_well,42
extratrees_pcqr,ExtraTrees-PCQR,VSH,45,1440,0.11612969957976634,0.09532944739718871,-0.05433231592119393,0.8375468610088742,0.8347222222222223,0.35992123932365905,0.09507160998549878,0.30463925778483547,0.6723598652644079,0.8347222222222223,0.7725000000000001,0.6625,,0.3599212393236591,0.672359865264408,SPWLA_PDDA_2021,within_well,42
lightgbm_cqr_signed,LightGBM Quantile+CQR,VSH,45,1440,0.07932394434022816,0.061888935416446786,0.5162125716831684,0.8663349427282973,0.8729166666666667,0.4730788182525646,0.07484391482004464,0.1875446434718115,0.6790517323592964,0.8729166666666668,0.82375,0.81875,,0.4730788182525646,0.6790517323592965,SPWLA_PDDA_2021,within_well,42
hgb_cqr_signed,HGB-CQR,VSH,45,1440,0.09535911191647417,0.0724802875722117,0.3277599237258226,0.8366334576572327,0.8381944444444445,0.4449258661774147,0.10051547631691322,0.25818178928570923,0.7127427116031627,0.8381944444444445,0.8112499999999999,0.75625,,0.4449258661774147,0.7127427116031627,SPWLA_PDDA_2021,within_well,42
wl_pcqr,WL-PCQR,VSH,9,1152,0.043647232656379736,0.029005603246583505,0.9509391242783877,0.9788115578702283,0.9184027777777778,0.1491162120570763,0.08700113282744218,0.6371342954320207,0.20112067713408063,0.9184027777777778,0.8703125,0.7890625,1,0.1491162120570763,0.20112067713408063,SPWLA_PDDA_2021,cross_well,7
global_rf_cqr,Global RF-CQR,VSH,9,1152,0.059260461547084656,0.045465763399157755,0.9087201009025728,0.9730801478674083,0.9262152777777778,0.20287267867608047,0.06496149354776151,0.3207464410293689,0.24626676282491308,0.9262152777777778,0.8921875,0.8359375,1,0.20287267867608047,0.24626676282491308,SPWLA_PDDA_2021,cross_well,7
extratrees_pcqr,ExtraTrees-PCQR,VSH,9,1152,0.06455039571807737,0.049140440009889846,0.8830638869519133,0.970814407451624,0.9444444444444444,0.2319899135273223,0.13813348260542418,0.5906229733403756,0.2561538896375822,0.9444444444444444,0.89375,0.84375,0,0.2319899135273223,0.2561538896375822,SPWLA_PDDA_2021,cross_well,7
ngboost_cqr_signed,NGBoost PI,VSH,9,1152,0.06351644163003704,0.049169926914619744,0.8802431783337243,0.9649479638418735,0.9427083333333334,0.22548878798052266,0.028354613514064812,0.12133596862590368,0.2669725739231026,0.9427083333333334,0.8890625,0.8828125,1,0.22548878798052266,0.2669725739231026,SPWLA_PDDA_2021,cross_well,7
hgb_cqr_signed,HGB-CQR,VSH,9,1152,0.05972256803581852,0.045120337903146276,0.912964872289927,0.9717666356204933,0.9244791666666666,0.29137061073018317,0.13405347650567737,0.4586758126794831,0.32240382060912764,0.9244791666666666,0.8546875,0.8359375,3,0.29137061073018317,0.32240382060912764,SPWLA_PDDA_2021,cross_well,7
lightgbm_cqr_signed,LightGBM Quantile+CQR,VSH,9,1152,0.05792666296840879,0.044040473657639065,0.9169069821082741,0.9703150687367721,0.9348958333333334,0.3045754114146167,0.10665539022019606,0.36467737501418357,0.34415971153767244,0.9348958333333334,0.8984375,0.8671875,3,0.3045754114146167,0.34415971153767244,SPWLA_PDDA_2021,cross_well,7
catboost_cqr_signed,CatBoost Quantile+CQR,VSH,9,1152,0.060780286372399774,0.046313771976321756,0.9113995462167043,0.9713736272957036,0.9322916666666666,0.2897229206740538,0.09717461226107721,0.3393701515599991,0.3287574780359881,0.9322916666666666,0.9140625,0.9140625,3,0.2897229206740538,0.3287574780359881,SPWLA_PDDA_2021,cross_well,7
source_only_rf_cqr,Source-only RF-CQR,VSH,9,1440,0.06208405754110095,0.0471140193281806,0.9051256686489926,0.9704650988943364,0.9,0.19533333219146354,0.06754970980708261,0.3436183920943099,0.2650637714325181,0.8999999999999999,0.80625,0.78125,8,0.19533333219146354,0.26506377143251814,SPWLA_PDDA_2021,cross_well,7
ngboost_cqr_signed,NGBoost PI,VSH,45,1440,0.06485840884109487,0.049710943147200745,0.6356993289470706,0.9090761387548453,0.8152777777777778,0.19314933587847669,0.011319409413688516,0.06501586936291043,0.435123811869694,0.8152777777777778,0.76375,0.71875,,0.1931493358784767,0.43512381186969395,SPWLA_PDDA_2021,within_well,7
global_rf_cqr,Global RF-CQR,VSH,45,1440,0.09175677256450168,0.07124565391418865,0.3149816814450617,0.8451184448058701,0.8375,0.31375061453141206,0.08604691879218065,0.3753693888360332,0.610530639232338,0.8375,0.795,0.775,,0.31375061453141206,0.6105306392323379,SPWLA_PDDA_2021,within_well,7
wl_pcqr,WL-PCQR,VSH,45,1440,0.09175677256450168,0.07124565391418868,0.3149816814450616,0.8451184448058698,0.8375,0.31375061453141206,0.08604691879218065,0.3753693888360332,0.610530639232338,0.8375,0.795,0.775,,0.31375061453141206,0.6105306392323379,SPWLA_PDDA_2021,within_well,7
catboost_cqr_signed,CatBoost Quantile+CQR,VSH,45,1440,0.10176859284837628,0.08070395554900331,0.016922479392034305,0.8298970125310347,0.8215277777777777,0.326899056532944,0.055048953657018784,0.19759854773202679,0.6626049489071403,0.8215277777777779,0.785,0.775,,0.326899056532944,0.6626049489071401,SPWLA_PDDA_2021,within_well,7
lightgbm_cqr_signed,LightGBM Quantile+CQR,VSH,45,1440,0.08001147576111692,0.06271217235133734,0.49750038892162246,0.8642778379088171,0.8611111111111112,0.464504641638789,0.07450656938739417,0.19251119119933852,0.6892226027516961,0.8611111111111112,0.805,0.8,,0.46450464163878913,0.6892226027516961,SPWLA_PDDA_2021,within_well,7
extratrees_pcqr,ExtraTrees-PCQR,VSH,45,1440,0.11571480734799483,0.09529323640265121,-0.014174983186415904,0.8388322220285528,0.8284722222222223,0.36021886356022076,0.0937221320661342,0.3064859532731415,0.6989580053913265,0.8284722222222223,0.7625,0.6375,,0.3602188635602207,0.6989580053913262,SPWLA_PDDA_2021,within_well,7
hgb_cqr_signed,HGB-CQR,VSH,45,1440,0.09535911191647417,0.0724802875722117,0.3277599237258226,0.8366334576572327,0.8381944444444445,0.4449258661774147,0.10051547631691322,0.25818178928570923,0.7127427116031627,0.8381944444444445,0.8112499999999999,0.75625,,0.4449258661774147,0.7127427116031627,SPWLA_PDDA_2021,within_well,7
wl_pcqr,WL-PCQR,VSH,9,1152,0.0433207917481121,0.030750955314308874,0.9526597127589588,0.980367698480538,0.9149305555555556,0.14757461213527046,0.0806981673632814,0.5888761619483511,0.1927856148400343,0.9149305555555556,0.846875,0.765625,1,0.14757461213527046,0.1927856148400343,SPWLA_PDDA_2021,cross_well,123
global_rf_cqr,Global RF-CQR,VSH,9,1152,0.05960487236589554,0.04558723850868968,0.9074858014082865,0.9725770012904599,0.9192708333333334,0.19606710487511764,0.06759992286756983,0.34399547651261136,0.23976413475734576,0.9192708333333334,0.8890625,0.8828125,1,0.19606710487511764,0.23976413475734576,SPWLA_PDDA_2021,cross_well,123
extratrees_pcqr,ExtraTrees-PCQR,VSH,9,1152,0.0645281506442488,0.048951593544891286,0.8804306296920691,0.9700844078561506,0.9418402777777778,0.23417901292650978,0.14457383257265885,0.613373103343005,0.2557133556697482,0.9418402777777778,0.89375,0.875,1,0.23417901292650978,0.2557133556697482,SPWLA_PDDA_2021,cross_well,123
ngboost_cqr_signed,NGBoost PI,VSH,9,1152,0.06340343318487345,0.0493160268785211,0.8820316326603308,0.9654403681374644,0.9461805555555556,0.22563558252491747,0.028339577084998013,0.12322973971210452,0.2654503138249782,0.9461805555555556,0.915625,0.890625,5,0.22563558252491747,0.2654503138249782,SPWLA_PDDA_2021,cross_well,123
hgb_cqr_signed,HGB-CQR,VSH,9,1152,0.05972256803581852,0.045120337903146276,0.912964872289927,0.9717666356204933,0.9244791666666666,0.29137061073018317,0.13405347650567737,0.4586758126794831,0.32240382060912764,0.9244791666666666,0.8546875,0.8359375,3,0.29137061073018317,0.32240382060912764,SPWLA_PDDA_2021,cross_well,123
lightgbm_cqr_signed,LightGBM Quantile+CQR,VSH,9,1152,0.06104563537243552,0.04580818233732045,0.9027894230036383,0.9692661314517452,0.9505208333333334,0.304806879423152,0.10810681209361343,0.36443954158415726,0.338849312216946,0.9505208333333334,0.9203125,0.9140625,5,0.304806879423152,0.338849312216946,SPWLA_PDDA_2021,cross_well,123
catboost_cqr_signed,CatBoost Quantile+CQR,VSH,9,1152,0.0584778233463173,0.04461391925597932,0.9148593566128136,0.9730803639949178,0.9418402777777778,0.28847283736376383,0.0972896951588122,0.3370017683379132,0.33205078156476575,0.9418402777777778,0.9015625,0.8828125,5,0.28847283736376383,0.33205078156476575,SPWLA_PDDA_2021,cross_well,123
source_only_rf_cqr,Source-only RF-CQR,VSH,9,1440,0.060957194276302196,0.04637252418534587,0.9109095296876477,0.9714500032714224,0.8965277777777778,0.1926958096196135,0.059008865883865655,0.3020496603391144,0.2618072416339143,0.8965277777777777,0.8125,0.7875,8,0.19269580961961352,0.2618072416339142,SPWLA_PDDA_2021,cross_well,123
ngboost_cqr_signed,NGBoost PI,VSH,45,1440,0.06518062913546062,0.04980033599082058,0.6286922242408337,0.9059374092464282,0.8180555555555555,0.1929787090226386,0.011605385393061904,0.06705841550091472,0.43158676892992387,0.8180555555555555,0.765,0.725,,0.19297870902263858,0.43158676892992387,SPWLA_PDDA_2021,within_well,123
global_rf_cqr,Global RF-CQR,VSH,45,1440,0.09081243357141258,0.07031898632876622,0.3358234213348519,0.8487270241068114,0.8486111111111111,0.3120801747802582,0.08744268448311646,0.378415237404278,0.6094025154493885,0.8486111111111111,0.7937500000000001,0.76875,,0.3120801747802581,0.6094025154493886,SPWLA_PDDA_2021,within_well,123
wl_pcqr,WL-PCQR,VSH,45,1440,0.09081243357141255,0.07031898632876622,0.3358234213348519,0.8487270241068111,0.8486111111111111,0.3120801747802582,0.08744268448311646,0.378415237404278,0.6094025154493885,0.8486111111111111,0.7937500000000001,0.76875,,0.3120801747802581,0.6094025154493886,SPWLA_PDDA_2021,within_well,123
catboost_cqr_signed,CatBoost Quantile+CQR,VSH,45,1440,0.10255818986874707,0.08145558925646375,0.012467874219034725,0.8287415759864402,0.8375,0.33217025269373207,0.055622742850856534,0.19257115430220656,0.6526535404063915,0.8375,0.785,0.775,,0.3321702526937321,0.6526535404063916,SPWLA_PDDA_2021,within_well,123
lightgbm_cqr_signed,LightGBM Quantile+CQR,VSH,45,1440,0.08075671198995191,0.06316931051923678,0.48758379358967946,0.8647854595891585,0.8715277777777778,0.47391622951035384,0.07148627258701072,0.17857106189274347,0.6797689841211457,0.8715277777777778,0.805,0.8,,0.47391622951035384,0.6797689841211457,SPWLA_PDDA_2021,within_well,123
extratrees_pcqr,ExtraTrees-PCQR,VSH,45,1440,0.11644927165348459,0.09543844970510044,-0.04210742499178822,0.8319778601289338,0.8326388888888889,0.357998726200452,0.09189296967006481,0.29622066051079704,0.6890177746175427,0.8326388888888889,0.75875,0.69375,,0.35799872620045203,0.6890177746175428,SPWLA_PDDA_2021,within_well,123
hgb_cqr_signed,HGB-CQR,VSH,45,1440,0.09535911191647417,0.0724802875722117,0.3277599237258226,0.8366334576572327,0.8381944444444445,0.4449258661774147,0.10051547631691322,0.25818178928570923,0.7127427116031627,0.8381944444444445,0.8112499999999999,0.75625,,0.4449258661774147,0.7127427116031627,SPWLA_PDDA_2021,within_well,123
wl_pcqr,WL-PCQR,PhiT,2,175,0.03526702248846871,0.024580197610420598,0.22321731383485616,0.8174049304986039,0.9371428571428572,0.08689446386823278,0.04047824407224762,0.4674099647568043,0.09921125457113945,0.9502992021276595,0.9275598404255319,0.921875,1,0.08765714613481373,0.09610071672237273,Mendeley_GOM_DNS,cross_well,42
global_rf_cqr,Global RF-CQR,PhiT,2,175,0.1415431406472159,0.13765842743292953,-11.480229851497544,0.8156803053515062,0.9428571428571428,0.3576424405207336,0.022521353942836567,0.058617961919308924,0.36172244052073355,0.9070811170212766,0.8452460106382979,0.8297872340425532,0,0.3347528401997202,0.3397904066890819,Mendeley_GOM_DNS,cross_well,42
extratrees_pcqr,ExtraTrees-PCQR,PhiT,2,175,0.15226979412229347,0.148855295823793,-13.373454764474221,0.8147614032907401,0.9771428571428571,0.3934216932568755,0.008613686481078507,0.020577052500490245,0.3958299472251294,0.9709109042553192,0.9601396276595745,0.9574468085106383,0,0.36050799967069486,0.3625679139732953,Mendeley_GOM_DNS,cross_well,42
ngboost_cqr_signed,NGBoost PI,PhiT,2,175,0.11545015755910265,0.11098957305979748,-7.309740330040088,0.8556316975394562,0.9257142857142857,0.294601571287792,4.720937615023136e-05,0.0001655790848898542,0.30364279082699375,0.9088264627659575,0.8796376329787234,0.8723404255319149,0,0.2798223102683014,0.28835313287464864,Mendeley_GOM_DNS,cross_well,42
hgb_cqr_signed,HGB-CQR,PhiT,2,175,0.14099279487303285,0.137075537108574,-11.379365205758546,0.8072727274760828,0.9142857142857143,0.39151706731482394,0.016472167735110826,0.040405217494246755,0.40490158097606255,0.8875498670212766,0.8413397606382979,0.8297872340425532,0,0.3561643820636584,0.3678761870528701,Mendeley_GOM_DNS,cross_well,42
lightgbm_cqr_signed,LightGBM Quantile+CQR,PhiT,2,175,0.12427475565234723,0.11972706366044619,-8.604141978661179,0.8249244988410374,0.9314285714285714,0.35948121056791643,0.011959603712976639,0.0348542815767685,0.36568840266122044,0.8858045212765957,0.8069481382978724,0.7872340425531915,0,0.33224372899098,0.34124149352638633,Mendeley_GOM_DNS,cross_well,42
catboost_cqr_signed,CatBoost Quantile+CQR,PhiT,2,175,0.15469403975768695,0.15218634082241653,-13.83645859390422,0.820558558007971,0.9428571428571428,0.35055911409091295,0.01975423166445015,0.054695009310369726,0.3562246232351492,0.9070811170212766,0.8452460106382979,0.8297872340425532,0,0.32800854594343215,0.3360135856724045,Mendeley_GOM_DNS,cross_well,42
source_only_rf_cqr,Source-only RF-CQR,PhiT,2,219,0.1409601606644196,0.13705043031541125,-11.218766200190933,0.8181032138618609,0.0045662100456621,0.06983936371873208,0.03179201339817588,0.49884695903698023,2.247511351950438,0.00847457627118644,0.0016949152542372883,0.0,1,0.08097046617275597,2.0903536835215433,Mendeley_GOM_DNS,cross_well,42
global_rf_cqr,Global RF-CQR,PhiT,10,219,0.016810162644914535,0.012577817949045191,-0.22301467295637992,0.6322012066700171,0.8401826484018264,0.05472196111871855,0.018992398625370777,0.3660058316662825,0.08028085558929114,0.8333333333333333,0.82,0.8166666666666667,,0.05905617588543572,0.08583549243665076,Mendeley_GOM_DNS,within_well,42
wl_pcqr,WL-PCQR,PhiT,10,219,0.01681016264491453,0.012577817949045188,-0.22301467295637692,,0.8401826484018264,0.05472196111871855,0.018992398625370777,0.3660058316662825,0.08028085558929114,0.8333333333333333,0.82,0.8166666666666667,,0.05905617588543572,0.08583549243665076,Mendeley_GOM_DNS,within_well,42
extratrees_pcqr,ExtraTrees-PCQR,PhiT,10,219,0.01846208264315559,0.014291795147195663,-0.377758797006318,0.601453019373285,0.8401826484018264,0.06272707059958182,0.02164342316794995,0.361516993071357,0.08587208775251878,0.8258522727272728,0.801534090909091,0.7954545454545455,,0.062595268332357,0.08980211529751467,Mendeley_GOM_DNS,within_well,42
catboost_cqr_signed,CatBoost Quantile+CQR,PhiT,10,219,0.015299414206802983,0.011597243903215747,0.05778310015658193,0.7674577362529266,0.863013698630137,0.05264275654119082,0.009199308408037296,0.20173706367146596,0.0886471074305056,0.8229166666666667,0.7512500000000001,0.7333333333333334,,0.05707691039240062,0.1083542526079628,Mendeley_GOM_DNS,within_well,42
ngboost_cqr_signed,NGBoost PI,PhiT,10,219,0.014774694688891461,0.010812182814607704,-0.03386837191636736,0.7266046262722722,0.8356164383561644,0.047106859387472645,0.0007319200308670831,0.015698859234845198,0.1084601788170924,0.778125,0.675625,0.65,,0.049595054551982085,0.14430306876154508,Mendeley_GOM_DNS,within_well,42
hgb_cqr_signed,HGB-CQR,PhiT,10,219,0.026662685587350736,0.022623260007917565,-10.826375563460505,,0.867579908675799,0.08658820434227692,0.017479193699941074,0.20482085538042027,0.11318501603909203,0.846875,0.8093750000000001,0.8,,0.09470005234674576,0.12536474535175363,Mendeley_GOM_DNS,within_well,42
lightgbm_cqr_signed,LightGBM Quantile+CQR,PhiT,10,219,0.014171051595526903,0.011011841420463617,0.16492711999712745,,0.7899543378995434,0.06508998724237794,0.01617378444071279,0.2526146454531583,0.11854880623549056,0.7453598484848485,0.6666477272727273,0.646969696969697,,0.06872222873618898,0.14177108984350845,Mendeley_GOM_DNS,within_well,42
wl_pcqr,WL-PCQR,PhiT,2,175,0.035321893067213415,0.024548943123523636,0.2227448452047627,0.818794338354352,0.9485714285714286,0.08991097619229986,0.04165134497411741,0.46703029165589977,0.09668608451592661,0.9581117021276595,0.941622340425532,0.9375,1,0.08474285605774465,0.08969627729133384,Mendeley_GOM_DNS,cross_well,7
global_rf_cqr,Global RF-CQR,PhiT,2,175,0.13927226884535576,0.13531338411957902,-11.089026914786547,0.8176582599841238,0.9428571428571428,0.35788275681682097,0.025279734811561917,0.06597288392026623,0.3618256112919444,0.9070811170212766,0.8452460106382979,0.8297872340425532,0,0.3346618811819173,0.3394441235558172,Mendeley_GOM_DNS,cross_well,7
extratrees_pcqr,ExtraTrees-PCQR,PhiT,2,175,0.15252485064195123,0.14936223791995526,-13.421705818964636,0.8196557135423372,0.9771428571428571,0.3893566883607962,0.014929031707131994,0.03554721560848226,0.39163336368547147,0.9709109042553192,0.9601396276595745,0.9574468085106383,0,0.35796928485737306,0.3597842389192686,Mendeley_GOM_DNS,cross_well,7
ngboost_cqr_signed,NGBoost PI,PhiT,2,175,0.11545664341265793,0.11116700707470575,-7.315135772249225,0.8566818529369696,0.9257142857142857,0.295567099032023,4.652197182516761e-05,0.00016282053961411296,0.3046741522981429,0.9088264627659575,0.8796376329787234,0.8723404255319149,0,0.2800039370621756,0.28861903480355955,Mendeley_GOM_DNS,cross_well,7
hgb_cqr_signed,HGB-CQR,PhiT,2,175,0.14099279487303285,0.137075537108574,-11.379365205758546,0.8072727274760828,0.9142857142857143,0.39151706731482394,0.016472167735110826,0.040405217494246755,0.40490158097606255,0.8875498670212766,0.8413397606382979,0.8297872340425532,0,0.3561643820636584,0.3678761870528701,Mendeley_GOM_DNS,cross_well,7
lightgbm_cqr_signed,LightGBM Quantile+CQR,PhiT,2,175,0.12426323145720673,0.1196063197974535,-8.60084088677673,0.8162298627185715,0.9314285714285714,0.3601840843970246,0.010271796933491971,0.028760341284253255,0.3649861444719109,0.8858045212765957,0.8069481382978724,0.7872340425531915,0,0.33411219068918807,0.3404835299739627,Mendeley_GOM_DNS,cross_well,7
catboost_cqr_signed,CatBoost Quantile+CQR,PhiT,2,175,0.1521143679741294,0.14966819587047317,-13.347510199738801,0.7969588360784473,0.96,0.3505483252359435,0.017952068159805105,0.05028918380829841,0.3548795521331486,0.9389960106382979,0.9026928191489362,0.8936170212765957,0,0.32804698319220427,0.33352553139165353,Mendeley_GOM_DNS,cross_well,7
source_only_rf_cqr,Source-only RF-CQR,PhiT,2,219,0.140410665865383,0.1365940734655375,-11.13853622659524,0.8221655809195764,0.0045662100456621,0.06640830713046865,0.033972260820752095,0.5223912349861123,2.239570528767679,0.00847457627118644,0.0016949152542372883,0.0,1,0.07344742692213657,2.0796962299756476,Mendeley_GOM_DNS,cross_well,7
global_rf_cqr,Global RF-CQR,PhiT,10,219,0.01682257137036106,0.012643671773966797,-0.2867173035693023,,0.8264840182648402,0.05290170466174415,0.017623218902404134,0.3674247128807034,0.08138071486738807,0.8239583333333333,0.818125,0.8166666666666667,,0.05808187154392634,0.08783948621257764,Mendeley_GOM_DNS,within_well,7
wl_pcqr,WL-PCQR,PhiT,10,219,0.016822571370361052,0.012643671773966794,-0.2867173035693,0.6391198211293033,0.8264840182648402,0.05290170466174415,0.017623218902404134,0.3674247128807034,0.08138071486738807,0.8239583333333333,0.818125,0.8166666666666667,,0.05808187154392634,0.08783948621257764,Mendeley_GOM_DNS,within_well,7
extratrees_pcqr,ExtraTrees-PCQR,PhiT,10,219,0.01843361127485765,0.014343417848263498,-0.4129737650350689,0.6646744022325021,0.8447488584474886,0.0620848280621119,0.021902928954671757,0.3796514060669798,0.08644108324535948,0.8178030303030303,0.7720454545454545,0.7606060606060605,,0.06139177664133415,0.09066044683269965,Mendeley_GOM_DNS,within_well,7
catboost_cqr_signed,CatBoost Quantile+CQR,PhiT,10,219,0.01629302948944125,0.012065085072486601,-0.004113310039941827,0.7535418110072843,0.8584474885844748,0.052026815424853906,0.009272691736912739,0.19869570308979695,0.0916881259035456,0.8197916666666667,0.7506250000000001,0.7333333333333334,,0.05507376412525142,0.11337556612317512,Mendeley_GOM_DNS,within_well,7
ngboost_cqr_signed,NGBoost PI,PhiT,10,219,0.01467155625824511,0.010763117677247603,0.02898204135737151,0.8184058635977696,0.8356164383561644,0.04845134231776214,0.0007826163512524584,0.016216771786944903,0.10753775315050895,0.7833333333333334,0.6900000000000001,0.6666666666666667,,0.05177389702004798,0.14190515310319066,Mendeley_GOM_DNS,within_well,7
hgb_cqr_signed,HGB-CQR,PhiT,10,219,0.026662685587350736,0.022623260007917565,-10.826375563460505,,0.867579908675799,0.08658820434227692,0.017479193699941074,0.20482085538042027,0.11318501603909203,0.846875,0.8093750000000001,0.8,,0.09470005234674576,0.12536474535175363,Mendeley_GOM_DNS,within_well,7
lightgbm_cqr_signed,LightGBM Quantile+CQR,PhiT,10,219,0.014124579921777446,0.011016334403857951,0.17850889714412763,0.7722263894696232,0.8127853881278538,0.06260589413538646,0.017254041389318013,0.2778642572901897,0.11936145812740427,0.7825757575757575,0.7286363636363635,0.7151515151515151,,0.06504670679922112,0.14346217449671889,Mendeley_GOM_DNS,within_well,7
wl_pcqr,WL-PCQR,PhiT,2,175,0.03358844859144597,0.023515617380951072,0.2922175520677198,0.8308940289076278,0.9485714285714286,0.0911655373246445,0.04139172385945145,0.4533179790457165,0.09821514715397484,0.96484375,0.93671875,0.9296875,1,0.08897955872787773,0.09379862794714652,Mendeley_GOM_DNS,cross_well,123
global_rf_cqr,Global RF-CQR,PhiT,2,175,0.1403050825562643,0.13670180775402685,-11.255007699739343,0.8308667606524737,0.9428571428571428,0.3572585830246615,0.024918827107917475,0.06503937717803175,0.3612701652575547,0.9070811170212766,0.8452460106382979,0.8297872340425532,0,0.33445026963459,0.3393604626213592,Mendeley_GOM_DNS,cross_well,123
extratrees_pcqr,ExtraTrees-PCQR,PhiT,2,175,0.1516420680596382,0.14800088328109784,-13.255582585540314,0.817977784779938,0.9771428571428571,0.39306685834402766,0.008041014004827922,0.018835688447903197,0.3953182869154563,0.9709109042553192,0.9601396276595745,0.9574468085106383,0,0.35985649985399465,0.36162445198165427,Mendeley_GOM_DNS,cross_well,123
ngboost_cqr_signed,NGBoost PI,PhiT,2,175,0.1143482821436852,0.10983461669195874,-7.145911868350868,0.8552563080321787,0.9257142857142857,0.2922551028125966,4.553489877417341e-05,0.00015932868882116005,0.3008719719244037,0.9088264627659575,0.8796376329787234,0.8723404255319149,0,0.27837782427747493,0.2863303480601885,Mendeley_GOM_DNS,cross_well,123
hgb_cqr_signed,HGB-CQR,PhiT,2,175,0.14099279487303285,0.137075537108574,-11.379365205758546,0.8072727274760828,0.9142857142857143,0.39151706731482394,0.016472167735110826,0.040405217494246755,0.40490158097606255,0.8875498670212766,0.8413397606382979,0.8297872340425532,0,0.3561643820636584,0.3678761870528701,Mendeley_GOM_DNS,cross_well,123
lightgbm_cqr_signed,LightGBM Quantile+CQR,PhiT,2,175,0.12454266592540382,0.11993959064811707,-8.643390826424277,0.8073442336642581,0.9314285714285714,0.35976996765729946,0.010700607884188307,0.030780195046374383,0.36500860311841277,0.8858045212765957,0.8069481382978724,0.7872340425531915,0,0.33313260782730153,0.3403272084197997,Mendeley_GOM_DNS,cross_well,123
catboost_cqr_signed,CatBoost Quantile+CQR,PhiT,2,175,0.1569790830802564,0.15428903757589665,-14.281294211035872,0.7991871264078427,0.9657142857142857,0.35164535526775026,0.019233998623245107,0.053530367820685314,0.3562361794886374,0.9496343085106382,0.9218417553191489,0.9148936170212766,0,0.32902726553122874,0.3350228979414683,Mendeley_GOM_DNS,cross_well,123
source_only_rf_cqr,Source-only RF-CQR,PhiT,2,219,0.13990327434409355,0.1359146574542713,-11.030640657930416,0.8280091915674117,0.0,0.06503749734662488,0.03399199844790337,0.5525749788304946,2.2547317876814796,0.0,0.0,0.0,0,0.07467346263624837,2.0972854684378532,Mendeley_GOM_DNS,cross_well,123
global_rf_cqr,Global RF-CQR,PhiT,10,219,0.016776239047743852,0.012605043084133174,-0.20082618736547353,,0.8082191780821918,0.051805660075920974,0.017983186036510578,0.3828607075816973,0.08235995968758165,0.8114583333333334,0.8072916666666667,0.80625,,0.05682444535824718,0.08697250603554481,Mendeley_GOM_DNS,within_well,123
wl_pcqr,WL-PCQR,PhiT,10,219,0.016776239047743852,0.01260504308413317,-0.200826187365474,,0.8082191780821918,0.051805660075920974,0.017983186036510578,0.3828607075816973,0.08235995968758165,0.8114583333333334,0.8072916666666667,0.80625,,0.05682444535824718,0.08697250603554481,Mendeley_GOM_DNS,within_well,123
extratrees_pcqr,ExtraTrees-PCQR,PhiT,10,219,0.01858003656175314,0.014508606944484909,-0.42513972229440367,0.6022396168440255,0.821917808219178,0.06462654259856015,0.021501163300790133,0.352003866145376,0.08800230253258917,0.8081439393939394,0.7846590909090909,0.7787878787878788,,0.06482584561467454,0.09174912906094665,Mendeley_GOM_DNS,within_well,123
catboost_cqr_signed,CatBoost Quantile+CQR,PhiT,10,219,0.01568733869623213,0.01183207670954157,0.03919402276494459,0.7698019644002231,0.8493150684931506,0.053213150603119395,0.009939708235470909,0.2094452247850095,0.0897240762557518,0.8135416666666667,0.749375,0.7333333333333334,,0.0562857760592079,0.10771864961730465,Mendeley_GOM_DNS,within_well,123
ngboost_cqr_signed,NGBoost PI,PhiT,10,219,0.014378616227856541,0.010586619862534456,0.05142623002779305,0.7233940822367378,0.8310502283105022,0.04750546225126902,0.0007481215896976204,0.0160196331885362,0.10394550750496875,0.775,0.675,0.65,,0.05063943373986263,0.13521306447649592,Mendeley_GOM_DNS,within_well,123
hgb_cqr_signed,HGB-CQR,PhiT,10,219,0.026662685587350736,0.022623260007917565,-10.826375563460505,,0.867579908675799,0.08658820434227692,0.017479193699941074,0.20482085538042027,0.11318501603909203,0.846875,0.8093750000000001,0.8,,0.09470005234674576,0.12536474535175363,Mendeley_GOM_DNS,within_well,123
lightgbm_cqr_signed,LightGBM Quantile+CQR,PhiT,10,219,0.014149627328309973,0.011017539569252909,0.16889449488078145,,0.8310502283105022,0.06356955189107547,0.01667816761149637,0.26235324535292265,0.11662035302995985,0.7950757575757575,0.7311363636363636,0.7151515151515151,,0.06574031343168019,0.13865759861895857,Mendeley_GOM_DNS,within_well,123
