method,method_label,target,splits,n,rmse,mae,r2,corr,coverage,width,width_std,width_cv,winkler,macro_well_coverage,p10_well_coverage,worst_well_coverage,worst_well,macro_well_width,macro_well_winkler,seed,frac,strategy
wl_pcqr,WL-PCQR,PHIF,9,1296,0.01789122023502715,0.011042906944469959,0.9310859698379462,0.9717554579029124,0.7160493827160493,0.03432688873139319,0.020822792107502812,0.6258143766276947,0.10137085215012834,0.7160493827160495,0.49722222222222223,0.4861111111111111,1,0.03432688873139319,0.10137085215012835,42,0.1,contiguous
wl_pcqr,WL-PCQR,PHIF,9,1296,0.01873551755978432,0.010848222252998573,0.920095749537658,0.9619534759117668,0.8325617283950617,0.04814177035167732,0.02901566878696278,0.5678144482868711,0.0831845718755863,0.8325617283950618,0.7374999999999999,0.6319444444444444,3,0.04814177035167732,0.0831845718755863,42,0.1,random
wl_pcqr,WL-PCQR,PHIF,9,1296,0.015259916391959196,0.009271737889005227,0.9425635086620265,0.9725104629376013,0.8842592592592593,0.04235858291698595,0.021423698386362364,0.5043541512333527,0.06432777137480666,0.8842592592592592,0.8222222222222222,0.8055555555555556,2,0.04235858291698596,0.06432777137480666,42,0.1,stratified
wl_pcqr,WL-PCQR,PHIF,9,1152,0.018316906431834316,0.010965118025953572,0.9256419906100858,0.9683806764081088,0.6640625,0.02985455387326119,0.020661060773448245,0.6830993461041382,0.11154678513540148,0.6640625,0.4625,0.4375,0,0.02985455387326119,0.11154678513540148,42,0.2,contiguous
wl_pcqr,WL-PCQR,PHIF,9,1152,0.015245647668713145,0.008963458359793373,0.9454953620341183,0.9734198277265474,0.8958333333333334,0.04440250058742019,0.023903307640809678,0.5491183049909016,0.06448781835529233,0.8958333333333334,0.8328125,0.7890625,2,0.04440250058742019,0.06448781835529233,42,0.2,random
wl_pcqr,WL-PCQR,PHIF,9,1152,0.014293104195944607,0.00885860021599092,0.9451558603758481,0.9734757712191602,0.9105902777777778,0.04316365922093035,0.023073914411902777,0.526981885423036,0.06522665177476702,0.9105902777777778,0.8203125,0.8203125,0,0.04316365922093035,0.06522665177476702,42,0.2,stratified
wl_pcqr,WL-PCQR,PHIF,9,1008,0.019259202971527636,0.011759777465555508,0.9131520305272743,0.9614756655026981,0.7390873015873016,0.035820981681245895,0.022388152868658813,0.6325713780719711,0.10084881442893184,0.7390873015873015,0.6214285714285714,0.5357142857142857,0,0.035820981681245895,0.10084881442893184,42,0.3,contiguous
wl_pcqr,WL-PCQR,PHIF,9,1008,0.012997441888498601,0.00790877520179011,0.9607635315351117,0.9811382877954229,0.8888888888888888,0.04128027029458307,0.025565286623080496,0.642002800604843,0.060178891697475576,0.8888888888888888,0.8071428571428572,0.75,6,0.04128027029458307,0.060178891697475576,42,0.3,random
wl_pcqr,WL-PCQR,PHIF,9,1008,0.013542845277791222,0.00826820309905033,0.9563621255177691,0.978910199261586,0.9126984126984127,0.04379410085055412,0.023764812904093397,0.5127155263573397,0.05979589880693465,0.9126984126984126,0.880357142857143,0.8303571428571429,4,0.043794100850554116,0.05979589880693465,42,0.3,stratified
wl_pcqr,WL-PCQR,PHIF,9,1296,0.018537432772437475,0.011442052805821928,0.9266835714089595,0.9701919236284657,0.7662037037037037,0.04211853392414165,0.022666163504541537,0.5705449963158807,0.1051240856444649,0.7662037037037037,0.5083333333333333,0.4305555555555556,0,0.042118533924141666,0.1051240856444649,7,0.1,contiguous
wl_pcqr,WL-PCQR,PHIF,9,1296,0.017816806885345485,0.010472849185847724,0.9286399966097998,0.9669190056765595,0.8125,0.039742054823092884,0.02289611717858462,0.6098790407715967,0.08469067337291536,0.8125,0.6666666666666666,0.6666666666666666,7,0.03974205482309287,0.08469067337291535,7,0.1,random
wl_pcqr,WL-PCQR,PHIF,9,1296,0.015191873736422298,0.008905032859737379,0.9429796782537572,0.9725528308051922,0.8858024691358025,0.04637648795836894,0.022864131222261344,0.526535828714347,0.06957709868299292,0.8858024691358026,0.8138888888888889,0.7361111111111112,2,0.04637648795836894,0.06957709868299292,7,0.1,stratified
wl_pcqr,WL-PCQR,PHIF,9,1152,0.018568420666842726,0.011340924300939505,0.9240214955444633,0.9675987328757915,0.6944444444444444,0.03299526256077592,0.0214760438837382,0.6437971093880664,0.10851652126170003,0.6944444444444444,0.53125,0.40625,0,0.03299526256077592,0.10851652126170003,7,0.2,contiguous
wl_pcqr,WL-PCQR,PHIF,9,1152,0.01838601149463655,0.010130794528872836,0.9171218838389971,0.9592135671093859,0.8697916666666666,0.045654402952763094,0.026829903265415796,0.5866434273684616,0.07227244458771556,0.8697916666666666,0.7921875,0.7421875,5,0.045654402952763094,0.07227244458771556,7,0.2,random
wl_pcqr,WL-PCQR,PHIF,9,1152,0.013947920541511984,0.008342583216784194,0.947821970477424,0.974150705731823,0.8932291666666666,0.04187333701394455,0.02301307705819691,0.533435914561385,0.06818549644573402,0.8932291666666666,0.765625,0.734375,0,0.04187333701394455,0.06818549644573402,7,0.2,stratified
wl_pcqr,WL-PCQR,PHIF,9,1008,0.019730136009280808,0.012181179685088726,0.9089545034435219,0.9601754951116658,0.7420634920634921,0.038033254478494226,0.023323757958073475,0.6255297680658305,0.10473129967592364,0.7420634920634922,0.5642857142857143,0.5,0,0.03803325447849423,0.10473129967592364,7,0.3,contiguous
wl_pcqr,WL-PCQR,PHIF,9,1008,0.01437560324039087,0.008499530176215719,0.9438735779460877,0.9726116902213504,0.8720238095238095,0.039022739898545884,0.02207300180179288,0.5808789599233942,0.06732116632904273,0.8720238095238094,0.8089285714285714,0.7946428571428571,4,0.039022739898545884,0.06732116632904273,7,0.3,random
wl_pcqr,WL-PCQR,PHIF,9,1008,0.013847832674993826,0.00860746412562517,0.9546152210171042,0.9782232519126784,0.9206349206349206,0.04582316745129084,0.020275662666790772,0.469517443286596,0.061053574299892784,0.9206349206349207,0.8839285714285714,0.8839285714285714,4,0.04582316745129085,0.06105357429989279,7,0.3,stratified
wl_pcqr,WL-PCQR,PHIF,9,1296,0.01850506377468387,0.011449648259402865,0.9262800909480416,0.9704874086401898,0.7631172839506173,0.04006371113630848,0.02240152785345596,0.5875177940988631,0.10299626368469227,0.7631172839506173,0.49027777777777776,0.4236111111111111,1,0.040063711136308494,0.10299626368469227,123,0.1,contiguous
wl_pcqr,WL-PCQR,PHIF,9,1296,0.015640485594924022,0.009509908702671733,0.9417687618272816,0.9719214447260646,0.9066358024691358,0.04746914275228609,0.023243235473182116,0.4875132265798115,0.07033375961146185,0.9066358024691357,0.8083333333333333,0.7916666666666666,7,0.0474691427522861,0.07033375961146185,123,0.1,random
wl_pcqr,WL-PCQR,PHIF,9,1296,0.015354257303208012,0.009243315996490076,0.9415293097790733,0.9720042119164579,0.9220679012345679,0.046071053746750086,0.02313480834027857,0.5094534598440196,0.06553985512472449,0.9220679012345678,0.8986111111111111,0.8819444444444444,6,0.046071053746750086,0.06553985512472447,123,0.1,stratified
wl_pcqr,WL-PCQR,PHIF,9,1152,0.018275530378471298,0.011046610791211896,0.9253001397983817,0.9682233015183095,0.6614583333333334,0.030549165666132836,0.020573368336942156,0.6641005095810194,0.10795012798470953,0.6614583333333334,0.49375,0.46875,0,0.030549165666132836,0.10795012798470953,123,0.2,contiguous
wl_pcqr,WL-PCQR,PHIF,9,1152,0.01590168781863455,0.009105545644133479,0.9389315540380669,0.9710516377729463,0.8949652777777778,0.044711335867773164,0.026164292308045355,0.5884750215231608,0.06797842531119953,0.8949652777777778,0.8609375,0.8359375,4,0.044711335867773164,0.06797842531119953,123,0.2,random
wl_pcqr,WL-PCQR,PHIF,9,1152,0.014346928662560895,0.008909760159737986,0.9450060271440045,0.9730956523425215,0.9236111111111112,0.045735038949928045,0.024103636220742117,0.5035199809741512,0.06583343498427989,0.9236111111111112,0.8765625,0.8515625,6,0.045735038949928045,0.06583343498427989,123,0.2,stratified
wl_pcqr,WL-PCQR,PHIF,9,1008,0.019120979278633744,0.011670951434691637,0.9134706385785831,0.9618538382253743,0.7371031746031746,0.03655404419720476,0.02208589869494514,0.6058912139239654,0.101175620760477,0.7371031746031746,0.6464285714285714,0.5535714285714286,0,0.03655404419720475,0.10117562076047698,123,0.3,contiguous
wl_pcqr,WL-PCQR,PHIF,9,1008,0.014909321690160184,0.008176283218116507,0.9405463316215296,0.9716204945112177,0.9037698412698413,0.04464964866837936,0.024129250017422152,0.5430876905163884,0.06402556548468714,0.9037698412698413,0.85,0.8214285714285714,8,0.044649648668379366,0.06402556548468714,123,0.3,random
wl_pcqr,WL-PCQR,PHIF,9,1008,0.013653745277286846,0.00844150219236877,0.9551645361105,0.9784257664362782,0.9275793650793651,0.04514765894237073,0.02009659776629951,0.4751021908840303,0.06032477529780017,0.927579365079365,0.9,0.8928571428571429,1,0.04514765894237074,0.06032477529780018,123,0.3,stratified
wl_pcqr,WL-PCQR,SW,9,1296,0.08823838996886112,0.05228708636485597,0.6304987691862742,0.8569889787156442,0.8387345679012346,0.1509618453334249,0.12448759002939881,1.0172653131077536,0.37724406809634625,0.8387345679012346,0.6875,0.6597222222222222,5,0.15096184533342488,0.37724406809634625,42,0.1,contiguous
wl_pcqr,WL-PCQR,SW,9,1296,0.07032103008579146,0.04232423736601728,0.6803931894015917,0.8482141617826754,0.9421296296296297,0.1842196022805704,0.1277615747798358,0.9014068849592465,0.2642729039492507,0.9421296296296298,0.8569444444444445,0.8402777777777778,4,0.18421960228057038,0.2642729039492507,42,0.1,random
wl_pcqr,WL-PCQR,SW,9,1296,0.06709855345407724,0.03893704045534595,0.7508846146750937,0.8970558967032057,0.9452160493827161,0.18811237286445368,0.12853268153819633,0.8745084162466367,0.24912455053599247,0.9452160493827161,0.8972222222222223,0.875,0,0.1881123728644537,0.24912455053599242,42,0.1,stratified
wl_pcqr,WL-PCQR,SW,9,1152,0.09238348899194487,0.05463450441593268,0.600946479082767,0.8622512040179053,0.7986111111111112,0.13944851550329002,0.1146564720836894,0.9785311339560777,0.5408958757732055,0.7986111111111112,0.559375,0.453125,8,0.13944851550329002,0.5408958757732055,42,0.2,contiguous
wl_pcqr,WL-PCQR,SW,9,1152,0.0684329040726975,0.04051263058328594,0.7397107610338467,0.883685011229725,0.9149305555555556,0.16624774334784082,0.12557083339990563,0.9380957839905049,0.2448927153122271,0.9149305555555556,0.8578125,0.8515625,4,0.16624774334784082,0.2448927153122271,42,0.2,random
wl_pcqr,WL-PCQR,SW,9,1152,0.0666525503690115,0.03730827115194186,0.7399470592625746,0.8944023832937084,0.9461805555555556,0.1667047092085243,0.13475104320816994,0.9571012997753621,0.21693940228022432,0.9461805555555556,0.9125,0.90625,6,0.1667047092085243,0.21693940228022432,42,0.2,stratified
wl_pcqr,WL-PCQR,SW,9,1008,0.08995567996446267,0.05399361412666091,0.6435549606721132,0.8710392482112557,0.816468253968254,0.15779556502444944,0.11933336782249039,0.9219572765670072,0.5047461636498657,0.816468253968254,0.5732142857142857,0.5089285714285714,5,0.15779556502444947,0.5047461636498657,42,0.3,contiguous
wl_pcqr,WL-PCQR,SW,9,1008,0.06342950822390334,0.0348225834380952,0.7469665791560111,0.8844691746025666,0.9345238095238095,0.16042066834900554,0.13120735825102686,0.9458752777585656,0.20463452093487455,0.9345238095238094,0.9089285714285714,0.8660714285714286,6,0.16042066834900554,0.20463452093487453,42,0.3,random
wl_pcqr,WL-PCQR,SW,9,1008,0.05585806070054068,0.029864054716875737,0.8067801526747999,0.9152084184956542,0.9494047619047619,0.15627451678537269,0.12818395078787664,1.000260119553967,0.18826528802907086,0.949404761904762,0.9035714285714286,0.875,6,0.15627451678537266,0.18826528802907086,42,0.3,stratified
wl_pcqr,WL-PCQR,SW,9,1296,0.08774013093564373,0.05217228090268727,0.6418635009828101,0.8632778071363065,0.8248456790123457,0.1536414025568691,0.1253389744602435,1.0082376512243898,0.4098138437736497,0.8248456790123457,0.6416666666666666,0.5416666666666666,8,0.15364140255686912,0.40981384377364977,7,0.1,contiguous
wl_pcqr,WL-PCQR,SW,9,1296,0.06387987307131777,0.034915537053171374,0.7909648570098812,0.8970078678789709,0.9359567901234568,0.15921010605603086,0.12501369779283503,0.926257357222749,0.228699327762116,0.9359567901234568,0.8930555555555555,0.8263888888888888,4,0.15921010605603086,0.22869932776211602,7,0.1,random
wl_pcqr,WL-PCQR,SW,9,1296,0.06825877380011172,0.04026245744648503,0.7506088486152483,0.8982154602050261,0.9652777777777778,0.20812618249690784,0.13860403422879197,0.8424773321586064,0.2528183842054542,0.9652777777777778,0.9416666666666667,0.9027777777777778,6,0.20812618249690787,0.25281838420545427,7,0.1,stratified
wl_pcqr,WL-PCQR,SW,9,1152,0.09269501450286183,0.055530027155407044,0.6005423242409347,0.8670699215795533,0.8229166666666666,0.1484278889910854,0.12299385847205707,0.9807886951415828,0.5000495277790171,0.8229166666666666,0.575,0.53125,8,0.1484278889910854,0.5000495277790171,7,0.2,contiguous
wl_pcqr,WL-PCQR,SW,9,1152,0.07035969536275204,0.037868846443210515,0.6937537783402434,0.8641473728205525,0.9131944444444444,0.15886664413302498,0.1331751624185544,0.9874648437985901,0.24899122633126458,0.9131944444444444,0.8546875,0.8359375,6,0.15886664413302498,0.24899122633126458,7,0.2,random
wl_pcqr,WL-PCQR,SW,9,1152,0.06692296062652815,0.03763899356070302,0.7411449564382134,0.8943132747241864,0.9574652777777778,0.17811175488134223,0.1386033187680728,0.9261438822262844,0.21987544036112672,0.9574652777777778,0.9140625,0.8828125,7,0.17811175488134223,0.21987544036112672,7,0.2,stratified
wl_pcqr,WL-PCQR,SW,9,1008,0.09239052092352938,0.05560761749458946,0.6262610526423239,0.869350722029074,0.8184523809523809,0.1581301553412905,0.1252814437768592,0.9361357757170787,0.5050924941065632,0.8184523809523809,0.5642857142857143,0.5357142857142857,5,0.1581301553412905,0.5050924941065631,7,0.3,contiguous
wl_pcqr,WL-PCQR,SW,9,1008,0.0705591159946345,0.037262415445377034,0.6412885549158197,0.882791605948169,0.9454365079365079,0.1665013719742122,0.1345018121190598,0.924490803942516,0.24413741144871198,0.9454365079365079,0.9017857142857143,0.9017857142857143,0,0.16650137197421222,0.24413741144871196,7,0.3,random
wl_pcqr,WL-PCQR,SW,9,1008,0.05412775039447753,0.02885118020822192,0.81148875776958,0.9174110077254859,0.933531746031746,0.154275376934345,0.12600611525285402,0.9990920094337273,0.19738095868305774,0.9335317460317459,0.8660714285714286,0.8303571428571429,6,0.154275376934345,0.19738095868305777,7,0.3,stratified
wl_pcqr,WL-PCQR,SW,9,1296,0.08755137594293035,0.052305312218575574,0.6401814254704927,0.8624911432387405,0.8595679012345679,0.15423368036030152,0.12549346149903187,0.9848067912355442,0.4327540550099625,0.8595679012345678,0.6944444444444444,0.6666666666666666,5,0.1542336803603015,0.4327540550099625,123,0.1,contiguous
wl_pcqr,WL-PCQR,SW,9,1296,0.07015270393161877,0.043964270926610025,0.7545745192137209,0.8896268657752984,0.9552469135802469,0.2096924161883532,0.12351842887959692,0.7963450646562843,0.25456162747951305,0.9552469135802468,0.9055555555555556,0.8888888888888888,3,0.20969241618835321,0.254561627479513,123,0.1,random
wl_pcqr,WL-PCQR,SW,9,1296,0.0685436967467533,0.039935828721396865,0.7358436824453001,0.8947075404486443,0.9575617283950617,0.20200691864115114,0.13388092796811005,0.8489267900403963,0.251033629711948,0.9575617283950617,0.913888888888889,0.875,6,0.2020069186411511,0.25103362971194804,123,0.1,stratified
wl_pcqr,WL-PCQR,SW,9,1152,0.09160665452381028,0.054646620678639936,0.5979076956061324,0.8654450720611053,0.8246527777777778,0.15020468397387318,0.12240705859312115,0.9514452251771881,0.4881144066699872,0.8246527777777778,0.5578125,0.5390625,5,0.15020468397387318,0.4881144066699872,123,0.2,contiguous
wl_pcqr,WL-PCQR,SW,9,1152,0.06681813559793363,0.03764765690914747,0.7130704401307375,0.8896685789420733,0.9435763888888888,0.16708335808084332,0.12610985513505502,0.903536228842614,0.23951933033416062,0.9435763888888888,0.890625,0.890625,0,0.16708335808084332,0.23951933033416062,123,0.2,random
wl_pcqr,WL-PCQR,SW,9,1152,0.06747370417077501,0.03769409863604392,0.7374555655221187,0.8928253977797223,0.9592013888888888,0.17284357222296842,0.13637055462454123,0.9165984365550849,0.2116935604107844,0.9592013888888888,0.9203125,0.8828125,7,0.17284357222296842,0.2116935604107844,123,0.2,stratified
wl_pcqr,WL-PCQR,SW,9,1008,0.09263676558079006,0.05599825269841392,0.6207386612549951,0.8628310184884591,0.8363095238095238,0.16556881914505533,0.12885889520302596,0.9350881655534536,0.4774675407414462,0.8363095238095238,0.5928571428571429,0.5714285714285714,5,0.16556881914505533,0.47746754074144615,123,0.3,contiguous
wl_pcqr,WL-PCQR,SW,9,1008,0.061137497777218,0.03169087704498329,0.7522265469163625,0.897294006059192,0.9375,0.15069403893097932,0.12012444627146229,0.9445177331159784,0.21444431436112135,0.9375,0.9,0.8571428571428571,6,0.15069403893097932,0.21444431436112135,123,0.3,random
wl_pcqr,WL-PCQR,SW,9,1008,0.058603502793216154,0.031262014767164836,0.7918552035063334,0.9093871759337058,0.9464285714285714,0.15606355611005487,0.12311977181967405,0.9449404371725892,0.19023231921896389,0.9464285714285714,0.9089285714285714,0.8660714285714286,6,0.15606355611005485,0.19023231921896386,123,0.3,stratified
wl_pcqr,WL-PCQR,VSH,9,1296,0.06050383031723081,0.04287817436359096,0.9070025396757048,0.9684858396065705,0.6712962962962963,0.10772406037921736,0.059864681208874664,0.5743277070207888,0.3798365896262805,0.6712962962962963,0.5055555555555555,0.3611111111111111,5,0.10772406037921735,0.37983658962628053,42,0.1,contiguous
wl_pcqr,WL-PCQR,VSH,9,1296,0.0483235179769419,0.03232721653566723,0.9461783571733601,0.9769154447871387,0.8865740740740741,0.14553796673927963,0.06031507659218436,0.42588483724325243,0.2526693417720228,0.886574074074074,0.8138888888888889,0.7916666666666666,0,0.1455379667392796,0.2526693417720228,42,0.1,random
wl_pcqr,WL-PCQR,VSH,9,1296,0.04878584372252328,0.03397461541242103,0.9249943324554903,0.9737984968576251,0.8942901234567902,0.17877757048236545,0.09557923551511671,0.5403551456910878,0.2420401975803472,0.89429012345679,0.8125,0.7013888888888888,1,0.17877757048236545,0.2420401975803472,42,0.1,stratified
wl_pcqr,WL-PCQR,VSH,9,1152,0.06766284369858798,0.04893882632263414,0.8897570893960847,0.9669524952759746,0.6293402777777778,0.10177815840042422,0.05771433747447378,0.6078940775129547,0.4801688824195953,0.6293402777777778,0.4359375,0.4296875,5,0.10177815840042422,0.4801688824195953,42,0.2,contiguous
wl_pcqr,WL-PCQR,VSH,9,1152,0.04741172168920237,0.033065163195850955,0.927761731901628,0.975051679986638,0.9088541666666666,0.15591161125751588,0.08656708448997658,0.5829461565977492,0.20763418011501827,0.9088541666666666,0.853125,0.765625,6,0.15591161125751588,0.20763418011501827,42,0.2,random
wl_pcqr,WL-PCQR,VSH,9,1152,0.04752336281381665,0.03456215828775767,0.926148232704515,0.9752162388039038,0.9123263888888888,0.14573858319519234,0.08035483127716159,0.6189054859309482,0.188872769051971,0.9123263888888888,0.8375,0.8125,1,0.14573858319519234,0.188872769051971,42,0.2,stratified
wl_pcqr,WL-PCQR,VSH,9,1008,0.07185337159678612,0.052140730643563435,0.8789254394388306,0.9667405857989847,0.623015873015873,0.09204325521859591,0.05693961664825969,0.6467760375546293,0.6232484559797471,0.623015873015873,0.375,0.26785714285714285,7,0.09204325521859592,0.6232484559797471,42,0.3,contiguous
wl_pcqr,WL-PCQR,VSH,9,1008,0.039741967776055744,0.02608409254023716,0.9635925556469832,0.983584836769012,0.9027777777777778,0.15671700333053787,0.08403460424104733,0.6028951829079422,0.20280173323718423,0.9027777777777778,0.8482142857142857,0.8125,6,0.1567170033305379,0.20280173323718423,42,0.3,random
wl_pcqr,WL-PCQR,VSH,9,1008,0.042968396985762373,0.030698402338604262,0.9551922040775034,0.9813893583724776,0.9246031746031746,0.1504214522989903,0.08317072251240427,0.5980760239534368,0.19145037884060317,0.9246031746031745,0.8696428571428572,0.8125,5,0.1504214522989903,0.19145037884060317,42,0.3,stratified
wl_pcqr,WL-PCQR,VSH,9,1296,0.06070109682161781,0.042656474026404226,0.9066977740183014,0.9687355831592227,0.6851851851851852,0.10970778965770055,0.06431530584009099,0.6033970128380828,0.3718938812934379,0.6851851851851851,0.5180555555555556,0.3958333333333333,5,0.10970778965770053,0.3718938812934379,7,0.1,contiguous
wl_pcqr,WL-PCQR,VSH,9,1296,0.05303814531019371,0.03707417131679542,0.9163273269847542,0.9700284242493522,0.9236111111111112,0.17834983238410798,0.09468038098893991,0.5103632078539364,0.2408287256548894,0.9236111111111112,0.8722222222222222,0.8055555555555556,0,0.17834983238410804,0.24082872565488941,7,0.1,random
wl_pcqr,WL-PCQR,VSH,9,1296,0.04897406356101307,0.034863243209381216,0.9250714295930743,0.9742917650859105,0.8888888888888888,0.17487481264907967,0.09374975676753108,0.5412334541303495,0.2443860357021847,0.8888888888888888,0.7833333333333333,0.6388888888888888,1,0.17487481264907964,0.2443860357021847,7,0.1,stratified
wl_pcqr,WL-PCQR,VSH,9,1152,0.06766593294266393,0.04792772297234479,0.8900916548738967,0.9650520024891865,0.6458333333333334,0.10665065099796824,0.06421083568928221,0.621979703179363,0.4669235112827168,0.6458333333333334,0.5265625,0.5078125,7,0.10665065099796824,0.4669235112827168,7,0.2,contiguous
wl_pcqr,WL-PCQR,VSH,9,1152,0.048190008858682035,0.032140406416917205,0.9170466835127663,0.9711441299002763,0.8611111111111112,0.12336894139736196,0.07247584400912757,0.5844399100550897,0.25352070567123863,0.8611111111111112,0.7265625,0.7265625,0,0.12336894139736196,0.25352070567123863,7,0.2,random
wl_pcqr,WL-PCQR,VSH,9,1152,0.04364723265637974,0.02900560324658351,0.9509391242783877,0.9788115578702286,0.9184027777777778,0.14911621205707634,0.0870011328274422,0.6371342954320207,0.20112067713408055,0.9184027777777778,0.8703125,0.7890625,1,0.14911621205707634,0.20112067713408055,7,0.2,stratified
wl_pcqr,WL-PCQR,VSH,9,1008,0.0721237426987291,0.05115515190353964,0.8800528526512226,0.9632172187709358,0.6240079365079365,0.09559385483450224,0.05983827598657702,0.636548439217786,0.5844499982338924,0.6240079365079365,0.3517857142857143,0.33035714285714285,7,0.09559385483450224,0.5844499982338923,7,0.3,contiguous
wl_pcqr,WL-PCQR,VSH,9,1008,0.0510776427504412,0.03646084371500581,0.9178891770833016,0.9696478982291165,0.8819444444444444,0.14219315626051368,0.06987561355871989,0.4985392936248252,0.21095666672703,0.8819444444444444,0.8357142857142856,0.75,1,0.14219315626051365,0.21095666672703003,7,0.3,random
wl_pcqr,WL-PCQR,VSH,9,1008,0.047390725004401384,0.034649757723418884,0.9287428552185221,0.9766130670140738,0.9404761904761905,0.16304777986085903,0.09190653611659023,0.5846174892340917,0.1958126309841967,0.9404761904761904,0.9160714285714285,0.9017857142857143,8,0.16304777986085905,0.1958126309841967,7,0.3,stratified
wl_pcqr,WL-PCQR,VSH,9,1296,0.059834921644729,0.041967614134546756,0.9099219257499587,0.9700625277318998,0.6790123456790124,0.11373809054053477,0.06888810359056514,0.6269990199411467,0.37557147596168444,0.6790123456790123,0.5194444444444445,0.3472222222222222,5,0.11373809054053477,0.37557147596168444,123,0.1,contiguous
wl_pcqr,WL-PCQR,VSH,9,1296,0.05149236209601502,0.03507572537160735,0.9378740354660927,0.9743212798200567,0.9174382716049383,0.17406098262126926,0.0806620596759957,0.4734479112731032,0.25285518803200646,0.9174382716049383,0.8222222222222222,0.75,5,0.17406098262126926,0.25285518803200646,123,0.1,random
wl_pcqr,WL-PCQR,VSH,9,1296,0.04947151946202286,0.03523815474424565,0.9235743333701081,0.9728822507365071,0.941358024691358,0.20667779212824305,0.09588218784459304,0.46686324313979843,0.24761948825723026,0.9413580246913581,0.8847222222222222,0.7847222222222222,1,0.20667779212824308,0.24761948825723026,123,0.1,stratified
wl_pcqr,WL-PCQR,VSH,9,1152,0.06767753267377238,0.048660893282267886,0.8853094360209373,0.9640712985502444,0.5920138888888888,0.10004107055666948,0.06591557612095457,0.6837328427360299,0.503307945165383,0.5920138888888888,0.409375,0.359375,5,0.10004107055666948,0.503307945165383,123,0.2,contiguous
wl_pcqr,WL-PCQR,VSH,9,1152,0.046731148696096056,0.03211041829043152,0.9481427961587584,0.9775790381876415,0.9236111111111112,0.15601577787476717,0.08424043470054136,0.5767002687038265,0.2052640447925735,0.9236111111111112,0.896875,0.890625,8,0.15601577787476717,0.2052640447925735,123,0.2,random
wl_pcqr,WL-PCQR,VSH,9,1152,0.04332079174811209,0.030750955314308874,0.9526597127589588,0.9803676984805381,0.9149305555555556,0.14757461213527054,0.08069816736328139,0.5888761619483505,0.19278561484003431,0.9149305555555556,0.846875,0.765625,1,0.14757461213527054,0.19278561484003431,123,0.2,stratified
wl_pcqr,WL-PCQR,VSH,9,1008,0.06995868105693155,0.05015816434703245,0.8863233340466227,0.9652285797658708,0.628968253968254,0.09760906242808924,0.05907091483466331,0.6211985281601418,0.5829864304350698,0.628968253968254,0.3375,0.33035714285714285,5,0.09760906242808925,0.5829864304350697,123,0.3,contiguous
wl_pcqr,WL-PCQR,VSH,9,1008,0.04470750376158403,0.02925661951114815,0.9512914488694705,0.9801735774584746,0.9285714285714286,0.14914902248843637,0.08619161242100606,0.6049933839045948,0.18081387387143696,0.9285714285714286,0.8982142857142857,0.8482142857142857,8,0.1491490224884364,0.18081387387143696,123,0.3,random
wl_pcqr,WL-PCQR,VSH,9,1008,0.04697084759582954,0.032604687362902805,0.9288034097224278,0.9756645505615106,0.9156746031746031,0.15068949366803833,0.0918084749668871,0.6134199230679839,0.20816399584928036,0.9156746031746033,0.8714285714285714,0.8214285714285714,7,0.1506894936680383,0.20816399584928033,123,0.3,stratified
