method,method_label,target,splits,n,rmse,mae,r2,corr,coverage,width,width_std,width_cv,winkler,macro_well_coverage,p10_well_coverage,worst_well_coverage,worst_well,macro_well_width,macro_well_winkler,seed,stress_setting,hidden_logs
wl_pcqr,WL-PCQR,PHIF,9,1152,0.01429310419594461,0.00885860021599092,0.9451558603758481,0.9734757712191602,0.9105902777777778,0.04316365922093032,0.023073914411902773,0.5269818854230361,0.06522665177476702,0.9105902777777778,0.8203125,0.8203125,0,0.04316365922093032,0.06522665177476702,42,observed,none
wl_pcqr,WL-PCQR,PHIF,9,1152,0.06135470758132086,0.050011506771136374,0.15823704493097532,0.7096874854144288,0.9340277777777778,0.17902789735476776,0.023467555115723873,0.15295163585364369,0.20602511505696983,0.9340277777777778,0.875,0.84375,7,0.17902789735476776,0.20602511505696983,42,hidden_DEN_NEU,DEN+NEU
wl_pcqr,WL-PCQR,PHIF,9,1152,0.01394792054151198,0.008342583216784188,0.947821970477424,0.974150705731823,0.8932291666666666,0.04187333701394452,0.023013077058196916,0.5334359145613854,0.06818549644573403,0.8932291666666666,0.765625,0.734375,0,0.04187333701394452,0.06818549644573403,7,observed,none
wl_pcqr,WL-PCQR,PHIF,9,1152,0.059402853928203915,0.046637325467946335,0.21952548322279924,0.7854627334396547,0.9079861111111112,0.17830667564406796,0.02535983167865689,0.15981800912404903,0.22414821534141133,0.9079861111111112,0.803125,0.796875,4,0.17830667564406796,0.22414821534141133,7,hidden_DEN_NEU,DEN+NEU
wl_pcqr,WL-PCQR,PHIF,9,1152,0.014346928662560897,0.008909760159737986,0.9450060271440043,0.9730956523425215,0.9236111111111112,0.04573503894992805,0.024103636220742113,0.5035199809741511,0.06583343498427989,0.9236111111111112,0.8765625,0.8515625,6,0.04573503894992805,0.06583343498427989,123,observed,none
wl_pcqr,WL-PCQR,PHIF,9,1152,0.06130792632046854,0.04974225908095882,0.162525031363887,0.7435672142849477,0.9401041666666666,0.17987576264083455,0.02165681857882537,0.14081022744315771,0.20820506306585493,0.9401041666666666,0.896875,0.890625,2,0.17987576264083455,0.20820506306585493,123,hidden_DEN_NEU,DEN+NEU
wl_pcqr,WL-PCQR,SW,9,1152,0.0666525503690115,0.03730827115194187,0.7399470592625746,0.8944023832937084,0.9461805555555556,0.1667047092085244,0.13475104320816994,0.9571012997753616,0.21693940228022435,0.9461805555555556,0.9125,0.90625,6,0.1667047092085244,0.21693940228022435,42,observed,none
wl_pcqr,WL-PCQR,SW,9,1152,0.14756945209338201,0.08742579499777157,0.29346511113520823,0.5280755126812529,0.9296875,0.3123310103089467,0.173159300521387,0.7327886180603121,0.5930703566629469,0.9296875,0.8875,0.875,2,0.3123310103089467,0.5930703566629469,42,hidden_RDEP_LOG10_RMED_LOG10,RDEP_LOG10+RMED_LOG10
wl_pcqr,WL-PCQR,SW,9,1152,0.06692296062652814,0.03763899356070301,0.7411449564382137,0.8943132747241863,0.9574652777777778,0.17811175488134223,0.1386033187680728,0.9261438822262846,0.21987544036112674,0.9574652777777778,0.9140625,0.8828125,7,0.17811175488134223,0.21987544036112674,7,observed,none
wl_pcqr,WL-PCQR,SW,9,1152,0.15259355054645576,0.09538899110545304,0.27859523148027354,0.535046480584466,0.9288194444444444,0.3338999455671428,0.17658452484322734,0.7296630073107175,0.5910464119665234,0.9288194444444444,0.8734375,0.8671875,2,0.3338999455671428,0.5910464119665234,7,hidden_RDEP_LOG10_RMED_LOG10,RDEP_LOG10+RMED_LOG10
wl_pcqr,WL-PCQR,SW,9,1152,0.06747370417077504,0.03769409863604393,0.7374555655221187,0.8928253977797223,0.9592013888888888,0.17284357222296837,0.13637055462454123,0.9165984365550847,0.21169356041078446,0.9592013888888888,0.9203125,0.8828125,7,0.17284357222296837,0.21169356041078446,123,observed,none
wl_pcqr,WL-PCQR,SW,9,1152,0.15219340306570514,0.09500557512143654,0.29025762373380837,0.5467854848342092,0.9288194444444444,0.3412560607016724,0.17418936086403966,0.6947359378264018,0.5880790774198452,0.9288194444444444,0.878125,0.859375,2,0.3412560607016724,0.5880790774198452,123,hidden_RDEP_LOG10_RMED_LOG10,RDEP_LOG10+RMED_LOG10
wl_pcqr,WL-PCQR,VSH,9,1152,0.047523362813816646,0.03456215828775767,0.926148232704515,0.9752162388039038,0.9123263888888888,0.14573858319519234,0.08035483127716159,0.6189054859309485,0.18887276905197098,0.9123263888888888,0.8375,0.8125,1,0.14573858319519234,0.18887276905197098,42,observed,none
wl_pcqr,WL-PCQR,VSH,9,1152,0.18779802636825937,0.1375468877914629,0.20836565667920645,0.5725599041418628,0.9305555555555556,0.5766872843980322,0.12773518385375082,0.2574981448730864,0.6825871718149118,0.9305555555555556,0.8984375,0.8671875,3,0.5766872843980322,0.6825871718149118,42,hidden_GR,GR
wl_pcqr,WL-PCQR,VSH,9,1152,0.043647232656379736,0.02900560324658351,0.9509391242783877,0.9788115578702286,0.9184027777777778,0.1491162120570763,0.08700113282744219,0.6371342954320212,0.20112067713408066,0.9184027777777778,0.8703125,0.7890625,1,0.1491162120570763,0.20112067713408066,7,observed,none
wl_pcqr,WL-PCQR,VSH,9,1152,0.19069912062954153,0.14275239604257575,0.1675480694057023,0.5072155509502716,0.9392361111111112,0.5865154416775314,0.11899720473355958,0.22928861367813314,0.6714645485775075,0.9392361111111112,0.9140625,0.9140625,0,0.5865154416775314,0.6714645485775075,7,hidden_GR,GR
wl_pcqr,WL-PCQR,VSH,9,1152,0.0433207917481121,0.03075095531430888,0.9526597127589588,0.9803676984805381,0.9149305555555556,0.1475746121352705,0.08069816736328139,0.5888761619483506,0.1927856148400343,0.9149305555555556,0.846875,0.765625,1,0.1475746121352705,0.1927856148400343,123,observed,none
wl_pcqr,WL-PCQR,VSH,9,1152,0.19251503494316488,0.14046935162206764,0.16832342995157934,0.5133911945014735,0.9427083333333334,0.5924638619205136,0.1413690026826814,0.26383933499197076,0.6806565818916848,0.9427083333333334,0.903125,0.890625,1,0.5924638619205136,0.6806565818916848,123,hidden_GR,GR
